zmu;Available_Power;n_charging_stations;index_zmu;POP_TOT_ZMU;comune;nome_comun;quartiere;pgtu;municipio
1001236;[7, 'not available'];3.0;0.0;33;58091;Roma;Castel Porziano;5;9.0
1002016;;;1.0;2184;58091;Roma;Prima Porta;5;15.0
1001941;[43, 50];3.0;2.0;4901;58091;Roma;La Storta;5;14.0
1000456;;;3.0;71;58091;Roma;Marcigliana;5;3.0
1001141;;;4.0;3019;58091;Roma;Ostiense;2;8.0
1001963;;;5.0;1959;58091;Roma;Casalotti;5;14.0
1001914;;;6.0;692;58091;Roma;Tomba di Nerone;4;14.0
1000827;;;7.0;622;58091;Roma;San Vittorino;5;6.0
1002040;;;8.0;3978;58091;Roma;Prima Porta;5;15.0
1000832;;;9.0;445;58091;Roma;Torre Gaia;5;6.0
1058119;['not available', 50, 43, 22];5.0;10.0;15746;58119;San cesareo;;7;
1001319;;;11.0;114;58091;Roma;Castel Fusano;6;10.0
1001620;;;12.0;201;58091;Roma;Castel di Guido;5;12.0
1001124;;;13.0;291;58091;Roma;Appio-Pignatelli;3;8.0
1001839;;;14.0;522;58091;Roma;Castel di Guido;5;13.0
1002059;;;15.0;124;58091;Roma;Isola Farnese;5;15.0
1000625;;;16.0;1756;58091;Roma;Prenestino-Labicano;3;5.0
1000630;;;17.0;505;58091;Roma;Prenestino-Labicano;3;5.0
1001418;[200, 300];3.0;18.0;2669;58120;Fiumicino;;7;
1000272;;;19.0;1192;58091;Roma;Trieste;2;2.0
1000440;;;20.0;1535;58091;Roma;Monte Sacro Alto;4;3.0
1001964;;;21.0;265;58091;Roma;Santa Maria di Galeria;5;14.0
1058047;[50, 43, 22, 12, 7.2];11.0;22.0;87039;58047;Guidonia montecel;;7;
1002039;;;23.0;806;58091;Roma;La Storta;5;15.0
1000194;[3];2.0;24.0;64;58091;Roma;Trevi;1;1.0
1001631;;;25.0;2091;58091;Roma;Castel di Guido;5;12.0
1001855;;;26.0;507;58091;Roma;Aurelio;3;13.0
1000173;;;27.0;400;58091;Roma;Ludovisi;1;1.0
1002023;;;28.0;69;58091;Roma;Cesano;5;15.0
1001917;;;29.0;4146;58091;Roma;Trionfale;4;14.0
1058072;['not available'];1.0;30.0;47754;58072;Nettuno;;7;
1001944;;;31.0;362;58091;Roma;Santa Maria di Galeria;5;14.0
1058114;;;32.0;17912;58114;Zagarolo;;7;
1002018;;;33.0;4749;58091;Roma;Prima Porta;5;15.0
1002009;[3];1.0;34.0;80;58091;Roma;Tomba di Nerone;4;15.0
1002024;;;35.0;7657;58091;Roma;Cesano;5;15.0
1001322;;;36.0;143;58091;Roma;Castel Porziano;5;10.0
1001955;;;37.0;1548;58091;Roma;La Storta;5;14.0
1002046;;;38.0;233;58091;Roma;Cesano;5;15.0
1058129;;;39.0;3422;58039;FRASCATI;;7;
1002043;;;40.0;12;58091;Roma;Prima Porta;5;15.0
1002042;;;41.0;379;58091;Roma;Prima Porta;5;15.0
1058018;[22, 64, 300];5.0;42.0;10644;58018;Capena;;7;
1001611;;;43.0;676;58091;Roma;La Pisana;4;12.0
1000154;[22, 3];2.0;44.0;840;58091;Roma;S.Eustachio;1;1.0
1058009;;;45.0;18187;58009;Ariccia;;7;
1058005;;;46.0;19112;58005;Anguillara sabazi;;7;
1058003;;;47.0;39611;58003;Albano laziale;;7;
1002061;[22];5.0;48.0;1984;58091;Roma;Cesano;5;15.0
1058004;;;49.0;3879;58004;Allumiere;;7;
1058081;;;50.0;10393;58081;Riano;;7;
1058011;;;51.0;13762;58011;Artena;;7;
1058013;[50, 22, 150];4.0;52.0;18890;58013;Bracciano;;7;
1058015;[3.7, 22, 300.0, 20, 50];7.0;53.0;11215;58015;Campagnano di rom;;7;
1058023;;;54.0;7156;58023;Castel madama;;7;
1058024;;;55.0;8281;58024;Castelnuovo di po;;7;
1058029;[11];1.0;56.0;37244;58029;Cerveteri;;7;
1058032;[43, 50, 22, 3.7];16.0;57.0;51690;58032;Civitavecchia;;7;
1058040;[300, 22, 64, 43];8.0;58.0;6248;58040;Gallicano nel laz;;7;
1058043;[3.7, 22];2.0;59.0;23123;58043;Genzano di roma;;7;
1000213;;;60.0;544;58091;Roma;Trieste;2;2.0
1058058;;;61.0;2995;58058;Mazzano romano;;7;
1058057;[43, 50];3.0;62.0;21594;58057;MARINO;;7;
1058060;;;63.0;11802;58060;Montecompatri;;7;
1058068;;;64.0;8286;58068;Morlupo;;7;
1058075;;;65.0;12688;58075;Palombara sabina;;7;
1000613;;;66.0;5249;58091;Roma;Collatino;3;5.0
1058082;;;67.0;10099;58082;Rignano flaminio;;7;
1000811;;;68.0;603;58091;Roma;Acqua Vergine;5;6.0
1058074;;;69.0;21995;58074;Palestrina;;7;
1058112;[22];1.0;70.0;3734;58112;Vicovaro;;7;
1058099;;;71.0;3576;58099;Sant'oreste;;7;
1058103;[22, 5];2.0;72.0;8699;58103;Subiaco;;7;
1058097;[2, 20];4.0;73.0;18174;58097;Santa marinella;;7;
1058110;[350, 50, 43];5.0;74.0;15206;58110;Valmontone;;7;
1058102;;;75.0;9139;58102;Segni;;7;
1058104;[22, 7.4, 'not available', 3.7];7.0;76.0;54366;58104;Tivoli;;7;
1058117;[22];1.0;77.0;48715;58117;Ardea;;7;
1000553;;;78.0;5578;58091;Roma;Settecamini;5;4.0
1058130;;;79.0;3135;58046;GROTTAFERRATA;;7;
1058105;[64, 300, 22];5.0;80.0;4954;58105;Tolfa;;7;
1001235;;;81.0;1156;58091;Roma;Castel di Leva;5;9.0
1058111;[22, 3.7];2.0;82.0;52937;58111;Velletri;;7;
1001127;[50, 43];3.0;83.0;609;58091;Roma;Torricola;3;8.0
1000261;[22, 3.7];3.0;84.0;4695;58091;Roma;Trieste;2;2.0
1000259;;;85.0;892;58091;Roma;Trieste;2;2.0
1002010;;;86.0;787;58091;Roma;Grottarossa;4;15.0
1000824;;;87.0;6082;58091;Roma;Borghesiana;5;6.0
1000140;;;88.0;377;58091;Roma;Trevi;1;1.0
1000335;[3];2.0;89.0;287;58091;Roma;Nomentano;2;2.0
1001943;;;90.0;879;58091;Roma;La Storta;5;14.0
1000227;;;91.0;421;58091;Roma;Flaminio;2;2.0
1000188;;;92.0;430;58091;Roma;Ludovisi;1;1.0
1058122;[20, 22];2.0;93.0;31441;58122;Fonte Nuova;;7;
1002015;;;94.0;5525;58091;Roma;La Storta;5;15.0
1001924;;;95.0;357;58091;Roma;Santa Maria di Galeria;5;14.0
1058096;;;96.0;2788;58096;San polo dei cava;;7;
1000189;[3.7, 22];2.0;97.0;1534;58091;Roma;Sallustiano;1;1.0
1000252;;;98.0;2880;58091;Roma;Trieste;2;2.0
1000171;;;99.0;146;58091;Roma;Monti;1;1.0
1000326;[3];2.0;100.0;2427;58091;Roma;Nomentano;2;2.0
1000457;;;101.0;102;58091;Roma;Marcigliana;5;3.0
1000431;;;102.0;552;58091;Roma;Tor San Giovanni;5;3.0
1000445;[50, 43];3.0;103.0;3;58091;Roma;Castel Giubileo;4;3.0
1000470;;;104.0;2500;58091;Roma;Monte Sacro;3;3.0
1000329;;;105.0;32;58091;Roma;Nomentano;2;2.0
1000518;;;106.0;0;58091;Roma;Pietralata;3;4.0
1000640;;;107.0;1002;58091;Roma;Prenestino-Labicano;3;5.0
1000930;;;108.0;2537;58091;Roma;Appio-Latino;2;7.0
1002038;;;109.0;6123;58091;Roma;Isola Farnese;5;15.0
1000316;;;110.0;784;58091;Roma;Nomentano;2;2.0
1000924;;;111.0;4715;58091;Roma;Tuscolano;3;7.0
1000554;;;112.0;2366;58091;Roma;Pietralata;3;4.0
1000614;;;113.0;1552;58091;Roma;Prenestino-Labicano;3;5.0
1002041;;;114.0;469;58091;Roma;Labaro;5;15.0
1002072;;;115.0;457;58091;Roma;La Storta;5;15.0
1000826;;;116.0;13503;58091;Roma;Lunghezza;5;6.0
1000849;;;117.0;6247;58091;Roma;Lunghezza;5;6.0
1000950;;;118.0;2234;58091;Roma;Appio-Latino;2;7.0
1002068;;;119.0;1658;58091;Roma;La Giustiniana;5;15.0
1000852;;;120.0;1046;58091;Roma;Torre Angela;5;6.0
1000920;;;121.0;1947;58091;Roma;Tuscolano;2;7.0
1000942;;;122.0;4995;58091;Roma;Appio-Latino;3;7.0
1001946;;;123.0;2353;58091;Roma;Della Vittoria;4;14.0
1058050;;;124.0;13219;58050;Lanuvio;;7;
1000322;;;125.0;2566;58091;Roma;Tiburtino;2;2.0
1000945;;;126.0;1346;58091;Roma;Appio-Latino;2;7.0
1001250;;;127.0;6345;58091;Roma;Castel di Decima;5;9.0
1000561;;;128.0;3011;58091;Roma;Settecamini;5;4.0
1001386;;;129.0;1332;58091;Roma;Castel Fusano;6;10.0
1000566;;;130.0;0;58091;Roma;Settecamini;5;4.0
1002025;;;131.0;53;58091;Roma;Polline Martignano;5;15.0
1000472;;;132.0;3125;58091;Roma;Monte Sacro;3;3.0
1001844;;;133.0;1453;58091;Roma;Primavalle;3;13.0
1000624;;;134.0;2933;58091;Roma;Collatino;3;5.0
1001102;[7.4];1.0;135.0;0;58091;Roma;Ostiense;3;8.0
1001534;;;136.0;2975;58091;Roma;Portuense;4;11.0
1000488;;;137.0;1163;58091;Roma;Monte Sacro;3;3.0
1000911;;;138.0;367;58091;Roma;Tuscolano;3;7.0
1001101;;;139.0;1666;58091;Roma;Ostiense;2;8.0
1001261;;;140.0;1480;58091;Roma;Torrino;4;9.0
1000904;;;141.0;1348;58091;Roma;Prenestino-Labicano;2;7.0
1000505;;;142.0;1094;58091;Roma;Pietralata;3;4.0
1001956;;;143.0;1898;58091;Roma;Santa Maria di Galeria;5;14.0
1000314;;;144.0;622;58091;Roma;Nomentano;2;2.0
1001247;;;145.0;1481;58091;Roma;Castel di Leva;5;9.0
1000644;;;146.0;472;58091;Roma;Prenestino-Labicano;3;5.0
1001251;;;147.0;1553;58091;Roma;Castel di Leva;5;9.0
1001543;;;148.0;157;58091;Roma;Ponte Galeria;5;11.0
1000192;;;149.0;51;58091;Roma;Ripa;1;1.0
1001260;;;150.0;1616;58091;Roma;Castel di Leva;5;9.0
1000319;;;151.0;1370;58091;Roma;Nomentano;2;2.0
1000187;[22, 3];8.0;152.0;256;58091;Roma;Trevi;1;1.0
1001726;[3];2.0;153.0;886;58091;Roma;Prati;2;1.0
1000842;;;154.0;6371;58091;Roma;Borghesiana;5;6.0
1000434;;;155.0;2342;58091;Roma;Val Melaina;4;3.0
1001735;;;156.0;513;58091;Roma;Della Vittoria;2;1.0
1001541;;;157.0;1026;58091;Roma;Portuense;4;11.0
1000478;;;158.0;1880;58091;Roma;Val Melaina;4;3.0
1001230;;;159.0;904;58091;Roma;Castel di Leva;5;9.0
1001821;;;160.0;1061;58091;Roma;Aurelio;3;13.0
1001814;;;161.0;1073;58091;Roma;Castel di Guido;5;13.0
1000722;;;163.0;3071;58091;Roma;Alessandrino;4;5.0
1001739;;;164.0;545;58091;Roma;Della Vittoria;2;1.0
1001959;;;165.0;723;58091;Roma;Casalotti;5;14.0
1001737;;;166.0;1136;58091;Roma;Della Vittoria;2;1.0
1000422;[22, 3.7];2.0;167.0;3438;58091;Roma;Monte Sacro;3;3.0
1001940;;;168.0;1407;58091;Roma;Trionfale;3;14.0
1001537;;;169.0;7609;58091;Roma;Ponte Galeria;5;11.0
1000162;;;170.0;1;58091;Roma;Ripa;1;1.0
1001397;;;171.0;1470;58091;Roma;Acilia Sud;6;10.0
1002047;;;172.0;524;58091;Roma;Cesano;5;15.0
1000731;;;173.0;1025;58091;Roma;Alessandrino;4;5.0
1000184;;;174.0;502;58091;Roma;Campo Marzio;1;1.0
1001858;[3];2.0;175.0;2246;58091;Roma;Aurelio;3;13.0
1001728;;;176.0;0;58091;Roma;Della Vittoria;2;1.0
1000813;;;177.0;6298;58091;Roma;Lunghezza;5;6.0
1001923;;;178.0;966;58091;Roma;La Storta;5;14.0
1000641;;;179.0;2630;58091;Roma;Prenestino-Labicano;3;5.0
1001320;;;180.0;13;58091;Roma;Lido di Castel Fusano;6;10.0
1058079;[22, 3.7, 'not available', 43, 11];54.0;181.0;61346;58079;Pomezia;;7;
1000858;;;182.0;9191;58091;Roma;Lunghezza;5;6.0
1001741;;;183.0;1;58091;Roma;Della Vittoria;2;1.0
1000101;;;184.0;803;58091;Roma;Ponte;1;1.0
1000417;;;185.0;1867;58091;Roma;Casal Boccone;4;3.0
1001407;[22, 3.7];4.0;186.0;8340;58120;Fiumicino;;7;
1002017;;;187.0;911;58091;Roma;La Giustiniana;5;15.0
1001361;;;188.0;2922;58091;Roma;Acilia Nord;6;10.0
1001408;;;189.0;1493;58120;Fiumicino;;7;
1001927;;;190.0;828;58091;Roma;Della Vittoria;4;14.0
1001268;;;191.0;1493;58091;Roma;Castel di Leva;5;9.0
1000141;[3];2.0;192.0;225;58091;Roma;Colonna;1;1.0
1001823;;;193.0;2324;58091;Roma;Trionfale;4;13.0
1001309;;;194.0;72;58091;Roma;Ostia Antica;6;10.0
1001957;;;195.0;813;58091;Roma;Della Vittoria;4;14.0
1001004;[3];2.0;196.0;0;58091;Roma;Don Bosco;3;7.0
1001618;;;197.0;11876;58091;Roma;Castel di Guido;5;12.0
1001633;;;198.0;70;58091;Roma;Castel di Guido;5;12.0
1001950;;;199.0;6865;58091;Roma;Primavalle;4;14.0
1001742;;;200.0;1004;58091;Roma;Della Vittoria;2;1.0
1001364;;;201.0;2175;58091;Roma;Acilia Sud;6;10.0
1000166;;;202.0;4;58091;Roma;San Saba;1;1.0
1001529;[22];1.0;203.0;7039;58091;Roma;Portuense;3;11.0
1000181;;;204.0;443;58091;Roma;Trevi;1;1.0
1001628;;;205.0;2576;58091;Roma;Gianicolense;4;12.0
1001126;;;206.0;491;58091;Roma;Torricola;3;8.0
1001505;[22];1.0;207.0;4884;58091;Roma;Portuense;3;11.0
1000816;;;208.0;7014;58091;Roma;Torre Angela;5;6.0
1001840;;;209.0;192;58091;Roma;Casalotti;5;13.0
1000204;;;210.0;1289;58091;Roma;Pinciano;2;2.0
1000915;;;211.0;771;58091;Roma;Appio-Latino;2;7.0
1000312;;;212.0;512;58091;Roma;Tiburtino;2;2.0
1001507;;;213.0;5816;58091;Roma;Portuense;3;11.0
1001615;[3];2.0;214.0;3513;58091;Roma;Gianicolense;2;12.0
1000933;;;215.0;1808;58091;Roma;Appio-Latino;2;7.0
1000321;;;216.0;751;58091;Roma;Tiburtino;2;2.0
1000485;[22, 3.7];2.0;217.0;4519;58091;Roma;Monte Sacro;3;3.0
1000495;;;218.0;10;58091;Roma;Monte Sacro;3;3.0
1000559;;;219.0;580;58091;Roma;Ponte Mammolo;3;4.0
1000607;;;220.0;622;58091;Roma;Tuscolano;3;5.0
1000603;[43, 50];3.0;221.0;6398;58091;Roma;Prenestino-Labicano;3;5.0
1000845;;;222.0;3072;58091;Roma;Torre Spaccata;4;6.0
1000215;[3.7, 22];2.0;223.0;1223;58091;Roma;Trieste;2;2.0
1001018;;;224.0;4151;58091;Roma;Don Bosco;4;7.0
1001604;;;225.0;3864;58091;Roma;Gianicolense;3;12.0
1000715;[22];1.0;226.0;411;58091;Roma;Torre Spaccata;4;5.0
1001733;;;227.0;0;58091;Roma;Della Vittoria;2;1.0
1000922;[22];1.0;228.0;2221;58091;Roma;Tuscolano;2;7.0
1001052;;;229.0;593;58091;Roma;Appio-Pignatelli;3;7.0
1001210;;;230.0;2211;58091;Roma;Giuliano-Dalmata;4;9.0
1002021;;;231.0;490;58091;Roma;Prima Porta;5;15.0
1001828;;;232.0;908;58091;Roma;Castel di Guido;5;13.0
1001616;;;233.0;4015;58091;Roma;Gianicolense;2;12.0
1000859;;;234.0;907;58091;Roma;Torre Angela;5;6.0
1000454;;;235.0;238;58091;Roma;Marcigliana;5;3.0
1001711;;;236.0;223;58091;Roma;Della Vittoria;2;1.0
1001712;[22];1.0;237.0;3552;58091;Roma;Trionfale;2;1.0
1001743;;;238.0;415;58091;Roma;Della Vittoria;2;1.0
1000182;;;239.0;208;58091;Roma;Campo Marzio;1;1.0
1001716;['not available'];1.0;240.0;2457;58091;Roma;Prati;2;1.0
1001718;;;241.0;132;58091;Roma;Della Vittoria;2;1.0
1001729;;;242.0;522;58091;Roma;Della Vittoria;2;1.0
1001731;;;243.0;2615;58091;Roma;Trionfale;2;1.0
1001722;;;244.0;829;58091;Roma;Della Vittoria;2;1.0
1001723;;;245.0;2570;58091;Roma;Trionfale;2;1.0
1001730;[22];1.0;246.0;163;58091;Roma;Della Vittoria;2;1.0
1001734;;;247.0;31;58091;Roma;Della Vittoria;2;1.0
1000917;;;248.0;2280;58091;Roma;Appio-Latino;2;7.0
1000328;;;249.0;54;58091;Roma;Nomentano;2;2.0
1000331;;;250.0;87;58091;Roma;Nomentano;2;2.0
1000428;[43, 50, 44, 22];5.0;251.0;5080;58091;Roma;Marcigliana;5;3.0
1000475;;;252.0;21;58091;Roma;Castel Giubileo;4;3.0
1000225;;;253.0;1405;58091;Roma;Parioli;2;2.0
1000151;;;254.0;32;58091;Roma;Campitelli;1;1.0
1000236;;;255.0;896;58091;Roma;Trieste;2;2.0
1001536;;;256.0;3219;58091;Roma;Gianicolense;4;11.0
1000311;;;257.0;35;58091;Roma;Nomentano;2;2.0
1001904;;;258.0;1917;58091;Roma;Della Vittoria;4;14.0
1000432;;;259.0;379;58091;Roma;Marcigliana;5;3.0
1001509;;;260.0;1567;58091;Roma;Portuense;3;11.0
1001804;;;261.0;2536;58091;Roma;Aurelio;3;13.0
1000437;[43, 50];3.0;262.0;2061;58091;Roma;Monte Sacro Alto;4;3.0
1001540;;;263.0;10817;58091;Roma;Portuense;3;11.0
1002069;;;264.0;384;58091;Roma;Cesano;5;15.0
1001801;[3];2.0;265.0;3927;58091;Roma;Aurelio;2;13.0
1000102;[3, 22];4.0;266.0;420;58091;Roma;S.Eustachio;1;1.0
1001802;;;267.0;232;58091;Roma;Aurelio;4;13.0
1001803;[6.6];1.0;268.0;3536;58091;Roma;Aurelio;2;13.0
1001717;;;269.0;1409;58091;Roma;Della Vittoria;2;1.0
1000732;;;270.0;1024;58091;Roma;Torre Spaccata;4;5.0
1001409;;;271.0;3689;58120;Fiumicino;;7;
1000620;;;272.0;2250;58091;Roma;Tuscolano;3;5.0
1000701;[11];1.0;273.0;1839;58091;Roma;Collatino;3;5.0
1000902;[50, 43];3.0;274.0;1394;58091;Roma;Tuscolano;2;7.0
1000558;;;275.0;3108;58091;Roma;Ponte Mammolo;4;4.0
1001958;;;277.0;5233;58091;Roma;Della Vittoria;4;14.0
1000709;;;278.0;1839;58091;Roma;Alessandrino;4;5.0
1000734;;;279.0;3100;58091;Roma;Tor Sapienza;4;5.0
1000247;[3.7, 22];2.0;280.0;1811;58091;Roma;Trieste;2;2.0
1001049;[50, 22];3.0;281.0;2916;58091;Roma;Casal Morena;5;7.0
1000716;;;282.0;69;58091;Roma;Torre Spaccata;4;5.0
1000939;;;283.0;2030;58091;Roma;Tuscolano;2;7.0
1001053;;;284.0;3458;58091;Roma;Torre Maura;4;7.0
1000846;;;285.0;2012;58091;Roma;Torre Maura;4;6.0
1001706;;;286.0;0;58091;Roma;Della Vittoria;2;1.0
1001411;[22, 3.7];2.0;287.0;1230;58120;Fiumicino;;7;
1001120;;;288.0;2802;58091;Roma;Ardeatino;4;8.0
1001965;[10];1.0;289.0;483;58091;Roma;Casalotti;5;14.0
1000835;;;290.0;1154;58091;Roma;Lunghezza;5;6.0
1001701;;;291.0;2330;58091;Roma;Borgo;2;1.0
1001213;;;292.0;1174;58091;Roma;Torrino;4;9.0
1001242;;;293.0;558;58091;Roma;Torrino;4;9.0
1001511;;;294.0;1226;58091;Roma;Portuense;4;11.0
1001806;;;295.0;3035;58091;Roma;Primavalle;3;13.0
1001367;;;296.0;925;58091;Roma;Ostia Antica;6;10.0
1001812;;;297.0;1912;58091;Roma;Aurelio;3;13.0
1002054;;;298.0;2452;58091;Roma;Tor di Quinto;3;15.0
1001805;;;299.0;1112;58091;Roma;Aurelio;3;13.0
1001808;;;300.0;1970;58091;Roma;Trionfale;4;13.0
1001539;;;301.0;524;58091;Roma;Portuense;3;11.0
1001807;[22];1.0;302.0;2283;58091;Roma;Aurelio;4;13.0
1001817;;;303.0;669;58091;Roma;Aurelio;4;13.0
1001809;;;304.0;2325;58091;Roma;Trionfale;4;13.0
1001816;[3.6];1.0;305.0;2643;58091;Roma;Aurelio;2;13.0
1001810;;;306.0;1862;58091;Roma;Aurelio;4;13.0
1001811;;;307.0;3358;58091;Roma;Aurelio;3;13.0
1000265;;;308.0;1015;58091;Roma;Parioli;2;2.0
1001506;;;309.0;3567;58091;Roma;Portuense;3;11.0
1002076;;;310.0;2894;58091;Roma;Tomba di Nerone;4;15.0
1001105;[50, 43];3.0;311.0;3346;58091;Roma;Ostiense;3;8.0
1000273;;;312.0;981;58091;Roma;Parioli;2;2.0
1001949;;;313.0;1606;58091;Roma;Primavalle;4;14.0
1001398;;;314.0;5834;58091;Roma;Casal Palocco;6;10.0
1001838;;;315.0;4476;58091;Roma;Aurelio;3;13.0
1001819;;;316.0;1071;58091;Roma;Aurelio;3;13.0
1001521;;;317.0;3380;58091;Roma;Gianicolense;4;11.0
1001813;;;318.0;4270;58091;Roma;Casalotti;5;13.0
1001967;;;319.0;133;58091;Roma;Casalotti;5;14.0
1001826;;;320.0;1625;58091;Roma;Aurelio;3;13.0
1001410;[3.7, 22];4.0;321.0;6575;58120;Fiumicino;;7;
1001393;;;322.0;1924;58091;Roma;Castel Fusano;6;10.0
1001824;;;323.0;3590;58091;Roma;Aurelio;4;13.0
1001825;[22, 250];2.0;324.0;3836;58091;Roma;Aurelio;3;13.0
1001727;;;325.0;1413;58091;Roma;Della Vittoria;2;1.0
1001822;;;326.0;1903;58091;Roma;Trionfale;4;13.0
1001834;;;327.0;3913;58091;Roma;Primavalle;3;13.0
1001525;;;328.0;6625;58091;Roma;Portuense;3;11.0
1001708;[3];2.0;329.0;4684;58091;Roma;Della Vittoria;2;1.0
1001841;;;330.0;4418;58091;Roma;Aurelio;3;13.0
1001827;;;331.0;13428;58091;Roma;Casalotti;5;13.0
1001919;;;332.0;2190;58091;Roma;Della Vittoria;4;14.0
1001830;;;333.0;3221;58091;Roma;Aurelio;2;13.0
1001831;;;334.0;2449;58091;Roma;Aurelio;3;13.0
1000248;;;335.0;744;58091;Roma;Pinciano;2;2.0
1000834;;;336.0;259;58091;Roma;Lunghezza;5;6.0
1001835;;;337.0;2799;58091;Roma;Aurelio;3;13.0
1001836;;;338.0;3241;58091;Roma;Primavalle;4;13.0
1001856;[3];2.0;339.0;2289;58091;Roma;Primavalle;3;13.0
1001833;;;340.0;1103;58091;Roma;Aurelio;4;13.0
1001301;;;341.0;230;58091;Roma;Acilia Sud;6;10.0
1001849;;;342.0;1462;58091;Roma;Aurelio;3;13.0
1001837;;;343.0;4671;58091;Roma;Aurelio;4;13.0
1001842;;;344.0;2378;58091;Roma;Aurelio;3;13.0
1001846;;;345.0;2472;58091;Roma;Aurelio;3;13.0
1000921;;;346.0;1797;58091;Roma;Tuscolano;2;7.0
1001843;;;347.0;818;58091;Roma;Aurelio;3;13.0
1001850;;;348.0;367;58091;Roma;Aurelio;4;13.0
1001845;;;349.0;6536;58091;Roma;Aurelio;4;13.0
1001848;;;350.0;790;58091;Roma;Aurelio;3;13.0
1001851;;;351.0;2988;58091;Roma;Primavalle;3;13.0
1001852;;;352.0;1005;58091;Roma;Aurelio;4;13.0
1001854;;;353.0;2797;58091;Roma;Castel di Guido;5;13.0
1001857;;;354.0;263;58091;Roma;Casalotti;5;13.0
1000195;;;355.0;225;58091;Roma;Trevi;1;1.0
1000159;;;356.0;241;58091;Roma;Trevi;1;1.0
1000125;;;357.0;521;58091;Roma;Castro Pretorio;1;1.0
1001901;;;358.0;8216;58091;Roma;Trionfale;3;14.0
1001908;;;359.0;4324;58091;Roma;Primavalle;4;14.0
1001902;[22];1.0;360.0;269;58091;Roma;Trionfale;3;14.0
1001903;;;361.0;1797;58091;Roma;Trionfale;3;14.0
1001906;[7.4];1.0;362.0;4659;58091;Roma;Trionfale;3;14.0
1001907;;;363.0;2453;58091;Roma;Trionfale;3;14.0
1001912;;;364.0;824;58091;Roma;Primavalle;4;14.0
1001929;;;365.0;5429;58091;Roma;Trionfale;3;14.0
1001909;;;366.0;4900;58091;Roma;Primavalle;4;14.0
1000253;[3, 22];2.0;367.0;2478;58091;Roma;Trieste;2;2.0
1001910;;;368.0;3362;58091;Roma;Primavalle;4;14.0
1000425;;;369.0;4452;58091;Roma;Monte Sacro;4;3.0
1000309;[22];1.0;370.0;4419;58091;Roma;Tiburtino;2;2.0
1001911;;;371.0;5651;58091;Roma;Primavalle;4;14.0
1001913;;;372.0;1877;58091;Roma;Trionfale;4;14.0
1000615;;;373.0;316;58091;Roma;Tiburtino;3;5.0
1001916;;;374.0;2916;58091;Roma;Trionfale;4;14.0
1001925;[7];1.0;375.0;2147;58091;Roma;Trionfale;3;14.0
1001918;;;376.0;6911;58091;Roma;Ottavia;4;14.0
1001395;;;377.0;1257;58091;Roma;Acilia Nord;6;10.0
1001920;;;378.0;2675;58091;Roma;Trionfale;3;14.0
1001921;;;379.0;887;58091;Roma;La Storta;5;14.0
1001705;;;380.0;1575;58091;Roma;Della Vittoria;2;1.0
1000274;[22, 3];2.0;381.0;2320;58091;Roma;Trieste;2;2.0
1001526;;;382.0;3263;58091;Roma;Portuense;3;11.0
1001926;;;383.0;4501;58091;Roma;Trionfale;3;14.0
1001922;;;384.0;1491;58091;Roma;Casalotti;5;14.0
1001928;;;385.0;10;58091;Roma;Trionfale;3;14.0
1001930;;;386.0;3482;58091;Roma;Primavalle;4;14.0
1001931;;;387.0;2909;58091;Roma;Primavalle;4;14.0
1000230;;;388.0;1412;58091;Roma;Salario;2;2.0
1001932;;;389.0;4373;58091;Roma;Primavalle;4;14.0
1000178;;;390.0;91;58091;Roma;Celio;1;1.0
1002004;;;391.0;537;58091;Roma;Della Vittoria;4;15.0
1001933;;;392.0;6838;58091;Roma;Primavalle;4;14.0
1001936;;;393.0;1351;58091;Roma;Tomba di Nerone;4;14.0
1000104;;;394.0;3670;58091;Roma;Ponte;1;1.0
1000234;;;395.0;2144;58091;Roma;Trieste;2;2.0
1001934;;;396.0;5455;58091;Roma;Primavalle;4;14.0
1001527;;;397.0;3564;58091;Roma;Portuense;3;11.0
1001937;;;398.0;3615;58091;Roma;Trionfale;4;14.0
1001935;;;399.0;8087;58091;Roma;Ottavia;4;14.0
1001945;;;400.0;1796;58091;Roma;Trionfale;3;14.0
1001612;[22, 50];4.0;401.0;15111;58091;Roma;Gianicolense;2;12.0
1002050;;;402.0;1594;58091;Roma;Tor di Quinto;3;15.0
1001947;;;403.0;1282;58091;Roma;Primavalle;4;14.0
1001948;;;404.0;5043;58091;Roma;Primavalle;4;14.0
1000235;[3.7, 22];2.0;405.0;1416;58091;Roma;Trieste;2;2.0
1001938;[50, 43];3.0;406.0;7763;58091;Roma;Ottavia;4;14.0
1002067;;;407.0;10;58091;Roma;Tor di Quinto;4;15.0
1001942;;;408.0;4954;58091;Roma;Casalotti;5;14.0
1058067;;;409.0;2468;58067;Moricone;;7;
1002008;;;410.0;134;58091;Roma;Tor di Quinto;3;15.0
1001042;;;411.0;3712;58091;Roma;Torre Maura;4;7.0
1002002;;;412.0;1571;58091;Roma;Tor di Quinto;3;15.0
1001952;;;413.0;117;58091;Roma;Della Vittoria;4;14.0
1002001;;;414.0;10;58091;Roma;Tor di Quinto;3;15.0
1001820;;;415.0;1612;58091;Roma;Primavalle;3;13.0
1002003;;;416.0;9655;58091;Roma;Della Vittoria;4;15.0
1002011;[3];2.0;417.0;600;58091;Roma;Grottarossa;4;15.0
1000277;;;418.0;2749;58091;Roma;Trieste;2;2.0
1001951;;;419.0;4078;58091;Roma;Tomba di Nerone;4;14.0
1001953;;;420.0;210;58091;Roma;Trionfale;3;14.0
1000908;;;421.0;536;58091;Roma;Appio-Latino;3;7.0
1001954;;;422.0;7415;58091;Roma;Casalotti;5;14.0
1001960;;;423.0;506;58091;Roma;Santa Maria di Galeria;5;14.0
1001961;;;424.0;961;58091;Roma;Casalotti;5;14.0
1001040;;;425.0;3301;58091;Roma;Tuscolano;3;7.0
1002006;;;426.0;1338;58091;Roma;Della Vittoria;4;15.0
1002007;;;427.0;1317;58091;Roma;Tor di Quinto;3;15.0
1002005;;;428.0;1398;58091;Roma;Tomba di Nerone;4;15.0
1000323;;;429.0;15;58091;Roma;Nomentano;2;2.0
1002012;[300];1.0;430.0;710;58091;Roma;Grottarossa;4;15.0
1000281;;;431.0;1127;58091;Roma;Trieste;2;2.0
1001624;;;432.0;162;58091;Roma;Gianicolense;3;12.0
1000955;;;433.0;2554;58091;Roma;Tuscolano;3;7.0
1002013;;;434.0;2011;58091;Roma;La Giustiniana;5;15.0
1001530;;;435.0;1006;58091;Roma;Portuense;3;11.0
1000639;;;436.0;1724;58091;Roma;Prenestino-Labicano;3;5.0
1002014;;;437.0;2448;58091;Roma;La Storta;5;15.0
1000449;;;438.0;2391;58091;Roma;Monte Sacro;3;3.0
1002019;;;439.0;218;58091;Roma;Prima Porta;5;15.0
1000270;;;440.0;1402;58091;Roma;Trieste;2;2.0
1002020;;;441.0;529;58091;Roma;Prima Porta;5;15.0
1002064;;;442.0;771;58091;Roma;Tor di Quinto;3;15.0
1002027;;;443.0;52;58091;Roma;Tor di Quinto;3;15.0
1002028;;;444.0;3890;58091;Roma;Tor di Quinto;3;15.0
1002030;;;445.0;1943;58091;Roma;Tomba di Nerone;4;15.0
1002031;;;446.0;6440;58091;Roma;Della Vittoria;3;15.0
1002029;;;447.0;2539;58091;Roma;Tomba di Nerone;4;15.0
1001374;;;448.0;1025;58091;Roma;Acilia Sud;6;10.0
1002032;[3.7, 22];2.0;449.0;3106;58091;Roma;Tor di Quinto;3;15.0
1000903;;;450.0;975;58091;Roma;Tuscolano;2;7.0
1002033;;;451.0;150;58091;Roma;Tor di Quinto;4;15.0
1002056;;;452.0;2;58091;Roma;Grottarossa;4;15.0
1002036;;;453.0;0;58091;Roma;Grottarossa;4;15.0
1000174;;;454.0;25;58091;Roma;Sallustiano;1;1.0
1002034;;;455.0;322;58091;Roma;Grottarossa;4;15.0
1002035;[22];1.0;456.0;535;58091;Roma;Grottarossa;4;15.0
1001528;;;457.0;5063;58091;Roma;Portuense;3;11.0
1000408;;;458.0;96;58091;Roma;Monte Sacro Alto;4;3.0
1002044;;;459.0;3;58091;Roma;Prima Porta;5;15.0
1002051;;;460.0;3487;58091;Roma;Tomba di Nerone;4;15.0
1002049;;;461.0;301;58091;Roma;Tor di Quinto;3;15.0
1002045;;;462.0;677;58091;Roma;Labaro;5;15.0
1000196;;;463.0;731;58091;Roma;Ponte;1;1.0
1002048;;;464.0;362;58091;Roma;Della Vittoria;3;15.0
1000186;[3];2.0;465.0;505;58091;Roma;Castro Pretorio;1;1.0
1002053;;;466.0;2155;58091;Roma;Della Vittoria;3;15.0
1002057;;;467.0;1086;58091;Roma;La Giustiniana;5;15.0
1002052;;;468.0;5863;58091;Roma;Tomba di Nerone;4;15.0
1002073;[350, 80, 11];3.0;469.0;1748;58091;Roma;Tor di Quinto;3;15.0
1002063;;;470.0;1177;58091;Roma;Della Vittoria;3;15.0
1000278;;;471.0;1121;58091;Roma;Trieste;2;2.0
1002078;;;472.0;733;58091;Roma;Tor di Quinto;4;15.0
1002055;;;473.0;155;58091;Roma;Tor di Quinto;4;15.0
1002065;;;474.0;5839;58091;Roma;Tomba di Nerone;4;15.0
1002070;;;475.0;3174;58091;Roma;Tor di Quinto;3;15.0
1000325;;;476.0;1838;58091;Roma;Nomentano;2;2.0
1002058;;;477.0;5636;58091;Roma;La Storta;5;15.0
1002077;;;478.0;64;58091;Roma;La Giustiniana;5;15.0
1001394;;;479.0;4119;58091;Roma;Castel Fusano;6;10.0
1058002;;;480.0;1717;58002;Agosta;;7;
1002060;;;481.0;4910;58091;Roma;Prima Porta;5;15.0
1058027;;;482.0;1075;58027;Cerreto laziale;;7;
1002062;;;483.0;258;58091;Roma;Cesano;5;15.0
1000107;[3];2.0;484.0;410;58091;Roma;Trevi;1;1.0
1002071;;;485.0;4776;58091;Roma;Tomba di Nerone;4;15.0
1002074;;;486.0;3290;58091;Roma;Tor di Quinto;4;15.0
1001413;[43, 50, 3.7, 22];13.0;487.0;14701;58120;Fiumicino;;7;
1058001;;;488.0;1464;58001;Affile;;7;
1002075;;;489.0;1891;58091;Roma;La Giustiniana;5;15.0
1000156;;;490.0;166;58091;Roma;Ponte;1;1.0
1058059;[3.7, 22, 150];5.0;491.0;23309;58059;Mentana;;7;
1001621;;;492.0;61;58091;Roma;Gianicolense;2;12.0
1058017;;;493.0;340;58017;Canterano;;7;
1058006;;;494.0;841;58006;Anticoli corrado;;7;
1058007;[3, 22, 50, 43, 'not available'];13.0;495.0;52335;58007;Anzio;;7;
1058021;;;496.0;668;58021;Casape;;7;
1001962;;;497.0;270;58091;Roma;Santa Maria di Galeria;5;14.0
1058008;;;498.0;1277;58008;Arcinazzo romano;;7;
1001636;[22, 3.7];2.0;499.0;2215;58091;Roma;Portuense;2;12.0
1058062;;;500.0;2072;58062;Montelanico;;7;
1000507;;;501.0;874;58091;Roma;Pietralata;3;4.0
1058012;[22];1.0;502.0;2768;58012;Bellegra;;7;
1000480;;;503.0;2703;58091;Roma;Monte Sacro Alto;4;3.0
1058016;[22];1.0;504.0;4130;58016;Canale monterano;;7;
1058127;;;505.0;12378;58118;Ciampino;;7;
1058019;;;506.0;315;58019;Capranica prenest;;7;
1000481;;;507.0;2040;58091;Roma;Monte Sacro Alto;3;3.0
1058026;[22];3.0;508.0;10693;58026;Cave;;7;
1001623;['not available'];2.0;509.0;5757;58091;Roma;Gianicolense;3;12.0
1058030;;;510.0;1258;58030;Ciciliano;;7;
1058025;[15, 20, 3.7];3.0;511.0;845;58025;Castel san pietro;;7;
1000172;;;512.0;152;58091;Roma;Trevi;1;1.0
1058028;;;513.0;440;58028;Cervara di roma;;7;
1058037;;;514.0;424;58037;Filacciano;;7;
1058034;[22, 43, 50];11.0;515.0;20924;58034;Colleferro;;7;
1000906;;;516.0;837;58091;Roma;Tuscolano;3;7.0
1058031;;;517.0;575;58031;Cineto romano;;7;
1058035;;;518.0;4206;58035;Colonna;;7;
1058038;;;519.0;13048;58038;Formello;;7;
1058063;[3.7, 22];4.0;520.0;5171;58063;Montelibretti;;7;
1058033;;;521.0;1968;58033;Civitella san pao;;7;
1000907;;;522.0;556;58091;Roma;Tuscolano;3;7.0
1000263;;;523.0;553;58091;Roma;Parioli;2;2.0
1058036;[3.7, 22, 350, 150, 50, 43];22.0;524.0;15424;58036;Fiano romano;;7;
1000438;;;525.0;348;58091;Roma;Monte Sacro Alto;4;3.0
1058039;;;526.0;13770;58039;FRASCATI;;7;
1058044;;;527.0;1207;58044;Gerano;;7;
1058041;;;528.0;1884;58041;Gavignano;;7;
1058046;;;529.0;3148;58046;GROTTAFERRATA;;7;
1058042;[22];1.0;530.0;5716;58042;Genazzano;;7;
1058045;;;531.0;695;58045;Gorga;;7;
1000473;;;532.0;895;58091;Roma;Monte Sacro;4;3.0
1058049;[22];2.0;533.0;6371;58049;Labico;;7;
1000932;[3.7, 22];2.0;534.0;1892;58091;Roma;Appio-Latino;2;7.0
1000492;;;535.0;763;58091;Roma;Monte Sacro;3;3.0
1058051;;;536.0;896;58051;Licenza;;7;
1000282;;;537.0;1598;58091;Roma;Trieste;2;2.0
1000127;;;538.0;5503;58091;Roma;Esquilino;1;1.0
1058052;;;539.0;1455;58052;Magliano romano;;7;
1000631;;;540.0;1345;58091;Roma;Tuscolano;3;5.0
1001713;;;541.0;2150;58091;Roma;Trionfale;2;1.0
1058053;;;542.0;888;58053;Mandela;;7;
1058055;;;543.0;772;58055;Marano equo;;7;
1000232;;;544.0;1388;58091;Roma;Pinciano;2;2.0
1058054;;;545.0;7695;58054;Manziana;;7;
1001017;;;546.0;1664;58091;Roma;Torre Maura;4;7.0
1058056;;;547.0;7014;58056;Marcellina;;7;
1058061;;;548.0;1232;58061;Monteflavio;;7;
1000161;;;549.0;0;58091;Roma;Campo Marzio;1;1.0
1000133;;;550.0;1201;58091;Roma;Monti;1;1.0
1058064;;;551.0;8523;58064;Monte porzio cato;;7;
1058069;[22, 3];2.0;552.0;1333;58069;Nazzano;;7;
1058065;[22];2.0;553.0;40898;58065;Monterotondo;;7;
1058066;;;554.0;2005;58066;Montorio romano;;7;
1001131;;;555.0;1766;58091;Roma;Ostiense;2;8.0
1000400;;;556.0;1956;58091;Roma;Monte Sacro;3;3.0
1058070;[22, 3.7];4.0;557.0;1862;58070;Nemi;;7;
1058071;;;558.0;1911;58071;Nerola;;7;
1058073;;;559.0;6537;58073;Olevano romano;;7;
1058084;;;560.0;182;58084;Rocca canterano;;7;
1058076;;;561.0;212;58076;Percile;;7;
1058080;;;562.0;1119;58080;Ponzano romano;;7;
1000251;;;563.0;2174;58091;Roma;Trieste;2;2.0
1058077;;;564.0;728;58077;Pisoniano;;7;
1058090;;;565.0;671;58090;Roiate;;7;
1058078;;;566.0;2281;58078;Poli;;7;
1058085;;;567.0;354;58085;Rocca di cave;;7;
1058089;;;568.0;941;58089;Rocca santo stefa;;7;
1058086;;;569.0;16947;58086;Rocca di papa;;7;
1000643;;;570.0;825;58091;Roma;Prenestino-Labicano;3;5.0
1058088;;;571.0;11861;58088;Rocca priora;;7;
1000124;;;572.0;2800;58091;Roma;Testaccio;1;1.0
1058092;;;573.0;1299;58092;Roviano;;7;
1058094;;;574.0;861;58094;Sambuci;;7;
1000423;;;575.0;2693;58091;Roma;Monte Sacro;3;3.0
1058108;;;576.0;256;58108;Vallepietra;;7;
1000937;;;577.0;627;58091;Roma;Tuscolano;2;7.0
1058095;;;578.0;1457;58095;San gregorio da s;;7;
1058098;;;579.0;4818;58098;Sant'angelo roman;;7;
1000487;;;580.0;24;58091;Roma;Val Melaina;4;3.0
1058100;;;581.0;3218;58100;San vito romano;;7;
1000948;;;582.0;2779;58091;Roma;Tuscolano;2;7.0
1000242;;;583.0;1976;58091;Roma;Parioli;2;2.0
1058101;;;584.0;168;58101;Saracinesco;;7;
1058106;;;585.0;1052;58106;Torrita tiberina;;7;
1001622;;;586.0;26;58091;Roma;Gianicolense;4;12.0
1000190;;;587.0;1196;58091;Roma;Castro Pretorio;1;1.0
1058128;[44, 22];6.0;588.0;5010;58039;FRASCATI;;7;
1001370;;;589.0;1716;58091;Roma;Lido di Ostia Levante;6;10.0
1001531;;;590.0;679;58091;Roma;Portuense;4;11.0
1000128;[22];1.0;591.0;3204;58091;Roma;Esquilino;1;1.0
1000632;;;592.0;5377;58091;Roma;Tuscolano;3;5.0
1058107;[3.7, 22];8.0;593.0;5641;58107;Trevignano romano;;7;
1000410;[3.7, 22, 3];4.0;594.0;2802;58091;Roma;Monte Sacro Alto;4;3.0
1058109;;;595.0;288;58109;Vallinfreda;;7;
1058132;;;596.0;261;58046;GROTTAFERRATA;;7;
1058113;;;597.0;156;58113;Vivaro romano;;7;
1001638;;;598.0;1572;58091;Roma;Gianicolense;3;12.0
1000207;;;599.0;1022;58091;Roma;Flaminio;2;2.0
1058115;;;600.0;13336;58115;Lariano;;7;
1000705;;;601.0;12444;58091;Roma;Prenestino-Centocelle;3;5.0
1058116;[22, 100, 50, 43];10.0;602.0;39584;58116;Ladispoli;;7;
1058118;[44, 22, 50];4.0;603.0;1871;58118;Ciampino;;7;
1058125;[22];1.0;604.0;12749;58118;Ciampino;;7;
1000157;;;605.0;713;58091;Roma;Pigna;1;1.0
1058123;;;606.0;8704;58118;Ciampino;;7;
1001008;[50, 43];3.0;607.0;6124;58091;Roma;Appio Claudio;3;7.0
1058124;;;608.0;2546;58118;Ciampino;;7;
1058131;;;609.0;13521;58046;GROTTAFERRATA;;7;
1000201;;;610.0;457;58091;Roma;Parioli;2;2.0
1000114;;;611.0;246;58091;Roma;Campo Marzio;1;1.0
1001519;;;612.0;6003;58091;Roma;Gianicolense;4;11.0
1000602;;;613.0;4948;58091;Roma;Prenestino-Labicano;3;5.0
1058133;;;614.0;6392;58057;MARINO;;7;
1000229;;;615.0;509;58091;Roma;Pinciano;2;2.0
1058134;;;616.0;16756;58057;MARINO;;7;
1000170;;;617.0;19;58091;Roma;Monti;1;1.0
1000645;;;618.0;2142;58091;Roma;Prenestino-Labicano;3;5.0
1000228;;;619.0;1315;58091;Roma;Flaminio;2;2.0
1001048;;;620.0;5943;58091;Roma;Torre Maura;4;7.0
1000249;;;621.0;1594;58091;Roma;Trieste;2;2.0
1000209;;;622.0;207;58091;Roma;Pinciano;2;2.0
1001133;;;623.0;3191;58091;Roma;Ostiense;3;8.0
1001031;;;624.0;4883;58091;Roma;Appio Claudio;3;7.0
1000137;;;625.0;1926;58091;Roma;Esquilino;1;1.0
1000555;;;626.0;4396;58091;Roma;San Basilio;4;4.0
1001375;;;627.0;1757;58091;Roma;Casal Palocco;6;10.0
1001339;;;628.0;7010;58091;Roma;Lido di Ostia Levante;6;10.0
1001001;;;629.0;7013;58091;Roma;Don Bosco;4;7.0
1001905;;;630.0;475;58091;Roma;Trionfale;3;14.0
1001853;;;631.0;447;58091;Roma;Aurelio;3;13.0
1001214;;;632.0;2044;58091;Roma;Torrino;4;9.0
1000642;;;633.0;5883;58091;Roma;Prenestino-Labicano;3;5.0
1000925;;;634.0;4813;58091;Roma;Tuscolano;3;7.0
1001366;;;635.0;28;58091;Roma;Casal Palocco;6;10.0
1000927;;;636.0;3240;58091;Roma;Appio-Latino;3;7.0
1000160;[3];2.0;637.0;277;58091;Roma;Colonna;1;1.0
1001720;[3];1.0;638.0;2046;58091;Roma;Della Vittoria;2;1.0
1001547;;;639.0;1423;58091;Roma;Portuense;4;11.0
1001363;['not available'];1.0;640.0;2263;58091;Roma;Acilia Sud;6;10.0
1002026;;;641.0;1;58091;Roma;Della Vittoria;3;15.0
1000536;;;642.0;3201;58091;Roma;Pietralata;3;4.0
1000617;;;643.0;1545;58091;Roma;Prenestino-Labicano;3;5.0
1000301;;;644.0;3907;58091;Roma;Nomentano;2;2.0
1000202;[3, 22, 3.7];4.0;645.0;286;58091;Roma;Pinciano;2;2.0
1000241;;;646.0;2397;58091;Roma;Pinciano;2;2.0
1000606;;;647.0;2302;58091;Roma;Tuscolano;3;5.0
1000912;[22];1.0;648.0;4837;58091;Roma;Appio-Latino;2;7.0
1000569;;;649.0;1305;58091;Roma;Settecamini;5;4.0
1058083;;;650.0;732;58083;Riofreddo;;7;
1001019;;;651.0;387;58091;Roma;Torre Maura;4;7.0
1001047;;;652.0;1840;58091;Roma;Appio-Pignatelli;3;7.0
1001324;;;653.0;833;58091;Roma;Acilia Nord;6;10.0
1000264;;;654.0;1509;58091;Roma;Salario;2;2.0
1001966;;;655.0;3194;58091;Roma;Casalotti;5;14.0
1000913;;;656.0;2910;58091;Roma;Appio-Latino;2;7.0
1000521;[50, 20, 43];4.0;657.0;1440;58091;Roma;Pietralata;3;4.0
1001355;;;658.0;14208;58091;Roma;Lido di Ostia Ponente;6;10.0
1000484;;;659.0;2004;58091;Roma;Monte Sacro;3;3.0
1000220;;;660.0;350;58091;Roma;Pinciano;2;2.0
1058087;;;661.0;255;58087;Roccagiovine;;7;
1000611;;;662.0;7738;58091;Roma;Collatino;3;5.0
1058022;['not available'];1.0;663.0;8722;58022;Castel gandolfo;;7;
1058014;;;664.0;418;58014;Camerata nuova;;7;
1058093;;;665.0;7401;58093;Sacrofano;;7;
1000308;;;666.0;1024;58091;Roma;Tiburtino;2;2.0
1058020;;;667.0;4226;58020;Carpineto romano;;7;
1000130;;;668.0;2833;58091;Roma;Esquilino;1;1.0
1000262;[43, 50];3.0;669.0;1077;58091;Roma;Trieste;2;2.0
1000231;[22, 3.7];4.0;670.0;1625;58091;Roma;Trieste;2;2.0
1000112;;;671.0;16;58091;Roma;Campitelli;1;1.0
1001532;;;672.0;1630;58091;Roma;Portuense;3;11.0
1000327;;;673.0;1390;58091;Roma;Nomentano;2;2.0
1001267;;;674.0;11;58091;Roma;Torrino;4;9.0
1000240;;;675.0;31;58091;Roma;Parioli;2;2.0
1000258;[3.7, 22];3.0;676.0;2242;58091;Roma;Parioli;2;2.0
1000217;[3];2.0;677.0;555;58091;Roma;Trieste;2;2.0
1001635;;;678.0;339;58091;Roma;Gianicolense;3;12.0
1000135;;;679.0;192;58091;Roma;Monti;1;1.0
1000144;;;680.0;935;58091;Roma;Castro Pretorio;1;1.0
1000402;;;681.0;4250;58091;Roma;Monte Sacro;3;3.0
1000163;;;682.0;162;58091;Roma;Campo Marzio;1;1.0
1001502;;;683.0;4599;58091;Roma;Portuense;3;11.0
1000416;[3, 22, 350];3.0;684.0;1440;58091;Roma;Castel Giubileo;4;3.0
1000946;;;685.0;3211;58091;Roma;Appio-Latino;3;7.0
1000914;[3, 22];2.0;686.0;3073;58091;Roma;Appio-Latino;2;7.0
1000122;;;687.0;4839;58091;Roma;Testaccio;1;1.0
1002066;;;688.0;1967;58091;Roma;Tor di Quinto;3;15.0
1000522;;;689.0;944;58091;Roma;Ponte Mammolo;3;4.0
1000111;;;690.0;1431;58091;Roma;Colonna;1;1.0
1000136;;;691.0;4785;58091;Roma;Esquilino;1;1.0
1000103;;;692.0;4294;58091;Roma;Regola;1;1.0
1000105;;;693.0;523;58091;Roma;Pigna;1;1.0
1000110;;;694.0;2159;58091;Roma;Campo Marzio;1;1.0
1001533;;;695.0;5353;58091;Roma;Portuense;4;11.0
1000123;;;696.0;186;58091;Roma;Testaccio;1;1.0
1000131;;;697.0;2808;58091;Roma;Monti;1;1.0
1000106;;;698.0;3139;58091;Roma;S.Angelo;1;1.0
1000108;;;699.0;576;58091;Roma;Colonna;1;1.0
1000109;[3.7, 22];4.0;700.0;1113;58091;Roma;Campo Marzio;1;1.0
1000113;;;701.0;101;58091;Roma;Campo Marzio;1;1.0
1000138;;;702.0;1910;58091;Roma;Monti;1;1.0
1000116;;;703.0;655;58091;Roma;Trastevere;1;1.0
1000117;[3, 22, 3.7];4.0;704.0;1962;58091;Roma;Trastevere;1;1.0
1000118;;;705.0;1530;58091;Roma;Trastevere;1;1.0
1000120;;;706.0;228;58091;Roma;Ripa;1;1.0
1000119;;;707.0;3117;58091;Roma;San Saba;1;1.0
1000121;[3, 22, 3.7, 50, 43];7.0;708.0;837;58091;Roma;Ostiense;1;1.0
1000132;;;709.0;950;58091;Roma;Monti;1;1.0
1000134;['not available'];1.0;710.0;1579;58091;Roma;Monti;1;1.0
1000139;;;711.0;1424;58091;Roma;Monti;1;1.0
1000126;;;712.0;359;58091;Roma;Esquilino;1;1.0
1000129;;;713.0;3006;58091;Roma;Esquilino;1;1.0
1000146;;;714.0;1387;58091;Roma;Monti;1;1.0
1000142;;;715.0;1079;58091;Roma;Ludovisi;1;1.0
1000143;;;716.0;627;58091;Roma;Sallustiano;1;1.0
1000145;[22, 3.7];3.0;717.0;1609;58091;Roma;Castro Pretorio;1;1.0
1000214;[3.7, 22];2.0;718.0;858;58091;Roma;Trieste;2;2.0
1000147;[22];1.0;719.0;2547;58091;Roma;Celio;1;1.0
1000148;;;720.0;0;58091;Roma;Celio;1;1.0
1000149;;;721.0;96;58091;Roma;San Saba;1;1.0
1000158;;;722.0;214;58091;Roma;Ripa;1;1.0
1000150;;;723.0;0;58091;Roma;San Saba;1;1.0
1000153;;;724.0;0;58091;Roma;Ponte;1;1.0
1000155;;;725.0;127;58091;Roma;Trastevere;1;1.0
1000199;;;726.0;0;58091;Roma;Aurelio;2;1.0
1000167;;;727.0;2066;58091;Roma;Ostiense;1;1.0
1000168;;;728.0;427;58091;Roma;Castro Pretorio;1;1.0
1000169;[22, 3.7];2.0;729.0;380;58091;Roma;Monti;1;1.0
1000164;;;730.0;1563;58091;Roma;Trastevere;1;1.0
1000175;;;731.0;78;58091;Roma;Castro Pretorio;1;1.0
1000177;[3];2.0;732.0;282;58091;Roma;Celio;1;1.0
1000208;['not available', 3.5];2.0;733.0;1451;58091;Roma;Flaminio;2;2.0
1000191;;;734.0;0;58091;Roma;Trevi;1;1.0
1000179;;;735.0;274;58091;Roma;San Saba;1;1.0
1000180;;;736.0;0;58091;Roma;Ripa;1;1.0
1000185;;;737.0;2162;58091;Roma;Ripa;1;1.0
1000203;;;738.0;4516;58091;Roma;Pinciano;2;2.0
1000210;;;739.0;1168;58091;Roma;Salario;2;2.0
1000452;;;740.0;1602;58091;Roma;Monte Sacro;4;3.0
1000221;;;741.0;0;58091;Roma;Parioli;2;2.0
1000205;;;742.0;2777;58091;Roma;Parioli;2;2.0
1000233;;;743.0;943;58091;Roma;Trieste;2;2.0
1001415;;;744.0;13185;58120;Fiumicino;;7;
1000336;;;745.0;1779;58091;Roma;Nomentano;2;2.0
1000206;;;746.0;3363;58091;Roma;Flaminio;2;2.0
1000211;;;747.0;2199;58091;Roma;Trieste;2;2.0
1000212;[3, 22];2.0;748.0;789;58091;Roma;Pinciano;2;2.0
1001414;;;749.0;6657;58120;Fiumicino;;7;
1000246;;;750.0;1849;58091;Roma;Salario;2;2.0
1000226;[3, 50, 43];5.0;751.0;2198;58091;Roma;Flaminio;2;2.0
1000223;;;752.0;2682;58091;Roma;Pinciano;2;2.0
1000224;;;753.0;2819;58091;Roma;Pinciano;2;2.0
1000952;;;754.0;1029;58091;Roma;Tuscolano;3;7.0
1000218;;;755.0;587;58091;Roma;Parioli;2;2.0
1000222;[11];1.0;756.0;1813;58091;Roma;Pinciano;2;2.0
1000219;[43, 50];3.0;757.0;188;58091;Roma;Parioli;2;2.0
1000257;[3.7, 22];2.0;758.0;2415;58091;Roma;Salario;2;2.0
1000237;;;759.0;1364;58091;Roma;Trieste;2;2.0
1000243;;;760.0;2;58091;Roma;Flaminio;2;2.0
1000244;;;761.0;3386;58091;Roma;Flaminio;2;2.0
1000238;;;762.0;84;58091;Roma;Parioli;2;2.0
1000333;[3, 22];3.0;763.0;39;58091;Roma;Tiburtino;2;2.0
1000245;;;764.0;589;58091;Roma;Pinciano;2;2.0
1000239;;;765.0;60;58091;Roma;Pinciano;2;2.0
1000255;[3.7, 22];2.0;766.0;5;58091;Roma;Parioli;2;2.0
1000250;[22];1.0;767.0;3074;58091;Roma;Trieste;2;2.0
1000254;;;768.0;218;58091;Roma;Pinciano;2;2.0
1000256;;;769.0;163;58091;Roma;Pinciano;2;2.0
1000260;;;770.0;37;58091;Roma;Trieste;2;2.0
1000266;;;771.0;4401;58091;Roma;Trieste;2;2.0
1000267;;;772.0;1173;58091;Roma;Trieste;2;2.0
1000268;;;773.0;1787;58091;Roma;Trieste;2;2.0
1000269;;;774.0;824;58091;Roma;Parioli;2;2.0
1000279;;;775.0;2695;58091;Roma;Trieste;2;2.0
1000280;;;776.0;1884;58091;Roma;Trieste;2;2.0
1000310;;;777.0;316;58091;Roma;Castro Pretorio;2;2.0
1000330;;;778.0;26;58091;Roma;Tiburtino;2;2.0
1000302;[22];2.0;779.0;145;58091;Roma;Nomentano;2;2.0
1000303;;;780.0;770;58091;Roma;Nomentano;2;2.0
1000304;;;781.0;492;58091;Roma;Nomentano;2;2.0
1000305;;;782.0;2881;58091;Roma;Nomentano;2;2.0
1000306;;;783.0;4044;58091;Roma;Nomentano;2;2.0
1000424;;;784.0;1937;58091;Roma;Monte Sacro;4;3.0
1000307;[22];1.0;785.0;1046;58091;Roma;Nomentano;2;2.0
1000315;;;786.0;709;58091;Roma;Pietralata;2;2.0
1000324;;;787.0;754;58091;Roma;Nomentano;2;2.0
1000318;;;788.0;2532;58091;Roma;Nomentano;2;2.0
1000409;;;789.0;2346;58091;Roma;Monte Sacro Alto;3;3.0
1000332;;;790.0;1937;58091;Roma;Nomentano;2;2.0
1000313;[40, 7];3.0;791.0;31;58091;Roma;Tiburtino;2;2.0
1000317;;;792.0;582;58091;Roma;Nomentano;2;2.0
1000320;;;793.0;3474;58091;Roma;Nomentano;2;2.0
1000337;;;794.0;3580;58091;Roma;Nomentano;2;2.0
1000436;;;795.0;837;58091;Roma;Val Melaina;4;3.0
1000401;;;796.0;2783;58091;Roma;Monte Sacro;3;3.0
1000403;;;797.0;1135;58091;Roma;Val Melaina;4;3.0
1000506;;;798.0;1036;58091;Roma;Pietralata;3;4.0
1000404;;;799.0;1252;58091;Roma;Val Melaina;4;3.0
1000405;;;800.0;3690;58091;Roma;Val Melaina;4;3.0
1000448;[22, 3.7, 50, 43];5.0;801.0;1416;58091;Roma;Monte Sacro;3;3.0
1000411;;;802.0;1373;58091;Roma;Castel Giubileo;4;3.0
1000406;;;803.0;3025;58091;Roma;Casal Boccone;4;3.0
1000407;;;804.0;4950;58091;Roma;Monte Sacro Alto;4;3.0
1000532;;;805.0;5097;58091;Roma;Collatino;3;4.0
1000433;;;806.0;3154;58091;Roma;Val Melaina;4;3.0
1000415;;;807.0;3073;58091;Roma;Castel Giubileo;4;3.0
1000419;;;808.0;3684;58091;Roma;Casal Boccone;4;3.0
1000421;;;809.0;0;58091;Roma;Monte Sacro;3;3.0
1000412;[3, 22];2.0;810.0;5938;58091;Roma;Castel Giubileo;4;3.0
1000413;;;811.0;2764;58091;Roma;Castel Giubileo;4;3.0
1000414;;;812.0;4680;58091;Roma;Castel Giubileo;4;3.0
1000418;;;813.0;2021;58091;Roma;Casal Boccone;4;3.0
1000426;;;814.0;144;58091;Roma;Val Melaina;4;3.0
1001538;;;815.0;2119;58091;Roma;Ponte Galeria;5;11.0
1000420;;;816.0;3074;58091;Roma;Casal Boccone;4;3.0
1001548;;;817.0;4385;58091;Roma;Gianicolense;3;11.0
1000427;;;818.0;1475;58091;Roma;Castel Giubileo;4;3.0
1000954;;;819.0;725;58091;Roma;Tuscolano;3;7.0
1000435;;;820.0;3426;58091;Roma;Val Melaina;4;3.0
1000429;;;821.0;3322;58091;Roma;Tor San Giovanni;5;3.0
1000441;;;822.0;6161;58091;Roma;Castel Giubileo;4;3.0
1000450;;;823.0;739;58091;Roma;Monte Sacro;3;3.0
1000451;;;824.0;641;58091;Roma;Monte Sacro;4;3.0
1001518;[250, 300, 22, 3.7, 350];9.0;825.0;1741;58091;Roma;Magliana Vecchia;4;11.0
1001740;;;826.0;1225;58091;Roma;Trionfale;2;1.0
1000430;;;827.0;1064;58091;Roma;Marcigliana;5;3.0
1000458;;;828.0;1654;58091;Roma;Monte Sacro;3;3.0
1000459;;;829.0;3763;58091;Roma;Val Melaina;4;3.0
1000465;[50, 43, 22];6.0;830.0;5414;58091;Roma;Monte Sacro Alto;4;3.0
1000474;;;831.0;4691;58091;Roma;Monte Sacro;4;3.0
1000468;;;832.0;348;58091;Roma;Casal Boccone;4;3.0
1000460;;;833.0;3735;58091;Roma;Val Melaina;4;3.0
1000442;;;834.0;4769;58091;Roma;Castel Giubileo;4;3.0
1000443;;;835.0;1389;58091;Roma;Castel Giubileo;4;3.0
1001629;;;836.0;4671;58091;Roma;Gianicolense;2;12.0
1000447;;;837.0;305;58091;Roma;Casal Boccone;4;3.0
1000444;;;838.0;5816;58091;Roma;Castel Giubileo;4;3.0
1000524;;;839.0;876;58091;Roma;Ponte Mammolo;3;4.0
1000446;;;840.0;201;58091;Roma;Casal Boccone;4;3.0
1000564;;;841.0;1985;58091;Roma;Pietralata;3;4.0
1000464;;;842.0;2105;58091;Roma;Monte Sacro Alto;3;3.0
1000453;;;843.0;194;58091;Roma;Val Melaina;4;3.0
1000461;;;844.0;3864;58091;Roma;Val Melaina;4;3.0
1000462;;;845.0;1375;58091;Roma;Val Melaina;4;3.0
1000496;;;846.0;1724;58091;Roma;Monte Sacro;3;3.0
1000622;;;847.0;8026;58091;Roma;Prenestino-Labicano;3;5.0
1000466;;;848.0;4109;58091;Roma;Castel Giubileo;4;3.0
1000556;;;849.0;2079;58091;Roma;Pietralata;3;4.0
1000467;;;850.0;969;58091;Roma;Castel Giubileo;4;3.0
1000469;[43, 50];3.0;851.0;2097;58091;Roma;Casal Boccone;4;3.0
1000176;;;852.0;41;58091;Roma;Castro Pretorio;1;1.0
1000493;[43, 50];3.0;853.0;1831;58091;Roma;Monte Sacro;3;3.0
1000483;;;854.0;1331;58091;Roma;Casal Boccone;4;3.0
1000479;;;855.0;2684;58091;Roma;Val Melaina;4;3.0
1000482;;;856.0;2242;58091;Roma;Monte Sacro Alto;4;3.0
1000565;;;857.0;1017;58091;Roma;Pietralata;3;4.0
1000546;;;858.0;388;58091;Roma;Pietralata;3;4.0
1000601;;;859.0;1635;58091;Roma;Tiburtino;3;5.0
1000476;;;860.0;2876;58091;Roma;Tor San Giovanni;5;3.0
1000550;;;861.0;2361;58091;Roma;Ponte Mammolo;4;4.0
1000489;;;862.0;2541;58091;Roma;Val Melaina;4;3.0
1000490;;;863.0;1105;58091;Roma;Monte Sacro Alto;4;3.0
1000334;;;864.0;1839;58091;Roma;Nomentano;2;2.0
1000491;[250];1.0;865.0;1372;58091;Roma;Casal Boccone;4;3.0
1000570;;;866.0;885;58091;Roma;Settecamini;5;4.0
1000502;;;867.0;909;58091;Roma;Collatino;3;4.0
1000545;;;868.0;102;58091;Roma;Pietralata;3;4.0
1000549;;;869.0;1967;58091;Roma;Ponte Mammolo;3;4.0
1000628;;;870.0;615;58091;Roma;Tiburtino;3;5.0
1000497;;;871.0;4;58091;Roma;Grottarossa;4;15.0
1000503;[110, 51, 22];3.0;872.0;5212;58091;Roma;Collatino;3;4.0
1000501;;;873.0;5260;58091;Roma;Tiburtino;3;4.0
1000504;;;874.0;2314;58091;Roma;Collatino;3;4.0
1000508;;;875.0;3363;58091;Roma;Pietralata;3;4.0
1000509;;;876.0;859;58091;Roma;Pietralata;3;4.0
1000510;;;877.0;6112;58091;Roma;Collatino;4;4.0
1001542;;;878.0;2361;58091;Roma;Portuense;4;11.0
1000511;;;879.0;6256;58091;Roma;Tor Cervara;4;4.0
1000519;;;880.0;3717;58091;Roma;Pietralata;3;4.0
1000512;;;881.0;12564;58091;Roma;San Basilio;4;4.0
1000513;;;882.0;344;58091;Roma;Tor Cervara;4;4.0
1000637;;;883.0;1998;58091;Roma;Prenestino-Labicano;3;5.0
1000515;;;884.0;4821;58091;Roma;San Basilio;4;4.0
1000520;;;885.0;68;58091;Roma;Pietralata;3;4.0
1001252;;;886.0;247;58091;Roma;Castel Porziano;5;9.0
1000623;;;887.0;4406;58091;Roma;Collatino;3;5.0
1000516;;;888.0;104;58091;Roma;Tor Cervara;4;4.0
1000523;[7.4];1.0;889.0;1953;58091;Roma;Ponte Mammolo;3;4.0
1000517;;;890.0;2770;58091;Roma;Tor Cervara;4;4.0
1000618;;;891.0;202;58091;Roma;Prenestino-Labicano;3;5.0
1000525;;;892.0;2196;58091;Roma;Ponte Mammolo;4;4.0
1000526;;;893.0;4938;58091;Roma;Ponte Mammolo;4;4.0
1000527;;;894.0;970;58091;Roma;Settecamini;5;4.0
1000528;;;895.0;6487;58091;Roma;Settecamini;5;4.0
1000541;;;896.0;508;58091;Roma;Ponte Mammolo;4;4.0
1000529;['not available', 3];2.0;897.0;526;58091;Roma;Settecamini;5;4.0
1001738;;;898.0;415;58091;Roma;Della Vittoria;2;1.0
1000530;[22];2.0;899.0;1085;58091;Roma;Settecamini;5;4.0
1000531;[22];1.0;900.0;5033;58091;Roma;Tiburtino;3;4.0
1000627;;;901.0;1351;58091;Roma;Prenestino-Labicano;3;5.0
1000533;;;902.0;11681;58091;Roma;Collatino;3;4.0
1000534;;;903.0;2242;58091;Roma;Collatino;3;4.0
1000535;;;904.0;3011;58091;Roma;Pietralata;3;4.0
1000537;;;905.0;63;58091;Roma;Pietralata;3;4.0
1000538;;;906.0;1799;58091;Roma;Pietralata;3;4.0
1000612;;;907.0;1357;58091;Roma;Prenestino-Labicano;3;5.0
1000539;;;908.0;5412;58091;Roma;Collatino;4;4.0
1000540;;;909.0;5272;58091;Roma;Tor Sapienza;4;4.0
1000542;['not available', 150];2.0;910.0;673;58091;Roma;San Basilio;4;4.0
1000543;[50, 22, 43, 3];5.0;911.0;2335;58091;Roma;Pietralata;3;4.0
1000544;;;912.0;617;58091;Roma;Pietralata;3;4.0
1000568;;;913.0;1161;58091;Roma;Settecamini;5;4.0
1000557;;;914.0;1713;58091;Roma;Pietralata;3;4.0
1000562;;;915.0;20;58091;Roma;Settecamini;5;4.0
1000547;;;916.0;1892;58091;Roma;Ponte Mammolo;4;4.0
1000626;;;917.0;69;58091;Roma;Collatino;3;5.0
1000548;;;918.0;3301;58091;Roma;Ponte Mammolo;4;4.0
1000560;;;919.0;2798;58091;Roma;Ponte Mammolo;4;4.0
1000552;;;920.0;88;58091;Roma;Settecamini;5;4.0
1000551;;;921.0;294;58091;Roma;Settecamini;5;4.0
1000563;;;922.0;1771;58091;Roma;Settecamini;5;4.0
1000953;;;923.0;2211;58091;Roma;Tuscolano;2;7.0
1000567;;;924.0;308;58091;Roma;Settecamini;5;4.0
1000571;;;925.0;128;58091;Roma;Settecamini;5;4.0
1000619;;;926.0;504;58091;Roma;Tuscolano;3;5.0
1000604;;;927.0;5811;58091;Roma;Prenestino-Labicano;3;5.0
1000610;;;928.0;997;58091;Roma;Collatino;3;5.0
1000616;;;929.0;5515;58091;Roma;Prenestino-Labicano;3;5.0
1000605;;;930.0;542;58091;Roma;Prenestino-Labicano;3;5.0
1000608;;;931.0;2030;58091;Roma;Tuscolano;3;5.0
1000609;;;932.0;2806;58091;Roma;Prenestino-Labicano;3;5.0
1000621;;;933.0;5833;58091;Roma;Tuscolano;3;5.0
1000923;;;934.0;1262;58091;Roma;Tuscolano;2;7.0
1000633;;;935.0;608;58091;Roma;Tuscolano;3;5.0
1000730;;;936.0;1945;58091;Roma;Tor Sapienza;4;5.0
1000634;;;937.0;5018;58091;Roma;Collatino;3;5.0
1000638;;;938.0;4322;58091;Roma;Prenestino-Labicano;3;5.0
1000711;;;939.0;727;58091;Roma;Tor Sapienza;4;5.0
1000646;[22];1.0;940.0;1590;58091;Roma;Prenestino-Labicano;3;5.0
1000702;;;941.0;5096;58091;Roma;Prenestino-Centocelle;3;5.0
1000703;[22, 3.7, 3];4.0;942.0;8254;58091;Roma;Prenestino-Centocelle;3;5.0
1000720;;;943.0;3053;58091;Roma;Prenestino-Centocelle;3;5.0
1000712;;;944.0;1367;58091;Roma;Tor Sapienza;4;5.0
1000704;;;945.0;11125;58091;Roma;Prenestino-Centocelle;3;5.0
1000867;;;946.0;4211;58091;Roma;Borghesiana;5;6.0
1000860;;;947.0;1683;58091;Roma;Torre Angela;5;6.0
1000707;[50, 43];3.0;948.0;5625;58091;Roma;Alessandrino;4;5.0
1001544;;;949.0;2273;58091;Roma;Ponte Galeria;5;11.0
1000708;;;950.0;800;58091;Roma;Tor Sapienza;4;5.0
1000710;;;951.0;11431;58091;Roma;Alessandrino;4;5.0
1000719;[50, 43];3.0;952.0;6802;58091;Roma;Prenestino-Centocelle;3;5.0
1000713;;;953.0;7049;58091;Roma;Tor Sapienza;4;5.0
1000721;;;954.0;5616;58091;Roma;Prenestino-Centocelle;3;5.0
1000714;;;955.0;3399;58091;Roma;Alessandrino;4;5.0
1000724;;;956.0;42;58091;Roma;Tor Sapienza;4;5.0
1000635;;;957.0;2780;58091;Roma;Prenestino-Labicano;3;5.0
1000717;;;958.0;1237;58091;Roma;Don Bosco;3;5.0
1000940;;;959.0;3997;58091;Roma;Tuscolano;3;7.0
1000723;;;960.0;1842;58091;Roma;Alessandrino;4;5.0
1000853;;;961.0;3391;58091;Roma;Torre Angela;5;6.0
1001006;;;962.0;2355;58091;Roma;Tuscolano;3;7.0
1000725;;;963.0;5178;58091;Roma;Tor Sapienza;4;5.0
1000726;;;964.0;3530;58091;Roma;Tor Sapienza;4;5.0
1000727;;;965.0;6460;58091;Roma;Alessandrino;4;5.0
1000728;;;966.0;37;58091;Roma;Torre Spaccata;4;5.0
1000944;;;967.0;453;58091;Roma;Tuscolano;3;7.0
1000729;;;968.0;455;58091;Roma;Tor Sapienza;4;5.0
1000733;;;969.0;1209;58091;Roma;Tor Sapienza;4;5.0
1000802;;;970.0;5469;58091;Roma;Don Bosco;4;6.0
1000804;;;971.0;2624;58091;Roma;Torre Maura;4;6.0
1000801;;;972.0;821;58091;Roma;Don Bosco;4;6.0
1000803;;;973.0;4402;58091;Roma;Torre Spaccata;4;6.0
1000818;;;974.0;5633;58091;Roma;Torre Angela;5;6.0
1000916;;;975.0;1475;58091;Roma;Appio-Latino;2;7.0
1001709;;;976.0;1614;58091;Roma;Della Vittoria;2;1.0
1000820;;;977.0;4533;58091;Roma;Torre Angela;5;6.0
1000822;;;978.0;804;58091;Roma;Borghesiana;5;6.0
1001915;;;979.0;435;58091;Roma;Trionfale;4;14.0
1000805;;;980.0;10671;58091;Roma;Torrenova;5;6.0
1000856;;;981.0;1550;58091;Roma;Don Bosco;4;6.0
1000806;;;982.0;183;58091;Roma;Torrenova;5;6.0
1000918;[3];2.0;983.0;2962;58091;Roma;Appio-Latino;3;7.0
1000807;;;984.0;568;58091;Roma;Torrenova;5;6.0
1000828;;;985.0;3155;58091;Roma;Don Bosco;4;6.0
1001520;;;986.0;2632;58091;Roma;Gianicolense;4;11.0
1001546;;;987.0;1563;58091;Roma;Portuense;4;11.0
1000808;;;988.0;269;58091;Roma;Torre Gaia;5;6.0
1000868;;;989.0;2472;58091;Roma;Borghesiana;5;6.0
1000809;;;990.0;4793;58091;Roma;Torrenova;5;6.0
1000926;;;991.0;1811;58091;Roma;Tuscolano;3;7.0
1000810;;;992.0;28;58091;Roma;Acqua Vergine;5;6.0
1000812;[50, 43];3.0;993.0;18578;58091;Roma;Lunghezza;5;6.0
1058010;;;994.0;1441;58010;Arsoli;;7;
1000814;;;995.0;5958;58091;Roma;Torre Gaia;5;6.0
1000815;;;996.0;143;58091;Roma;Torre Angela;5;6.0
1000817;;;997.0;11611;58091;Roma;Torre Angela;5;6.0
1000931;;;998.0;635;58091;Roma;Appio-Latino;2;7.0
1000819;;;999.0;6101;58091;Roma;Torre Gaia;5;6.0
1000831;;;1000.0;1039;58091;Roma;Torrenova;5;6.0
1000825;;;1001.0;1891;58091;Roma;Borghesiana;5;6.0
1000821;;;1002.0;7324;58091;Roma;Torre Angela;5;6.0
1000838;;;1003.0;3451;58091;Roma;Torre Angela;5;6.0
1000823;;;1004.0;2026;58091;Roma;Borghesiana;5;6.0
1000938;;;1005.0;2188;58091;Roma;Tuscolano;2;7.0
1000829;[50];1.0;1006.0;3952;58091;Roma;Torre Spaccata;4;6.0
1000830;;;1007.0;238;58091;Roma;Torre Maura;4;6.0
1000833;;;1008.0;429;58091;Roma;Acqua Vergine;5;6.0
1000844;;;1009.0;2559;58091;Roma;Don Bosco;4;6.0
1000837;;;1010.0;2358;58091;Roma;Torre Angela;5;6.0
1000857;;;1011.0;812;58091;Roma;Torre Maura;4;6.0
1001027;;;1012.0;5629;58091;Roma;Tuscolano;3;7.0
1000836;;;1013.0;8836;58091;Roma;Torre Angela;5;6.0
1000840;;;1014.0;78;58091;Roma;Torre Angela;5;6.0
1000841;;;1015.0;3782;58091;Roma;Torre Angela;5;6.0
1000935;;;1016.0;5914;58091;Roma;Appio-Latino;3;7.0
1000839;;;1017.0;232;58091;Roma;Torre Angela;5;6.0
1000848;;;1018.0;1926;58091;Roma;Acqua Vergine;5;6.0
1000843;;;1019.0;4564;58091;Roma;Borghesiana;5;6.0
1000934;;;1020.0;1979;58091;Roma;Appio-Latino;2;7.0
1000850;;;1021.0;2727;58091;Roma;Torre Angela;5;6.0
1000847;;;1022.0;1014;58091;Roma;Torre Gaia;5;6.0
1000851;;;1023.0;9710;58091;Roma;Torre Angela;5;6.0
1000951;;;1024.0;593;58091;Roma;Tuscolano;2;7.0
1000943;;;1025.0;3732;58091;Roma;Tuscolano;3;7.0
1000854;;;1026.0;18;58091;Roma;Torre Angela;5;6.0
1000861;;;1027.0;3866;58091;Roma;Torre Angela;5;6.0
1000855;;;1028.0;4736;58091;Roma;Borghesiana;5;6.0
1000936;;;1029.0;3086;58091;Roma;Appio-Latino;3;7.0
1000862;;;1030.0;5098;58091;Roma;Borghesiana;5;6.0
1000905;;;1031.0;6907;58091;Roma;Tuscolano;3;7.0
1000863;;;1032.0;5158;58091;Roma;Borghesiana;5;6.0
1000864;;;1033.0;2038;58091;Roma;Torre Maura;4;6.0
1000865;[350];1.0;1034.0;3052;58091;Roma;Torre Angela;5;6.0
1000866;;;1035.0;2437;58091;Roma;Borghesiana;5;6.0
1000869;;;1036.0;2742;58091;Roma;Borghesiana;5;6.0
1000909;[22];1.0;1037.0;1308;58091;Roma;Tuscolano;3;7.0
1000910;;;1038.0;1038;58091;Roma;Tuscolano;3;7.0
1000919;;;1039.0;3410;58091;Roma;Appio-Latino;3;7.0
1000928;;;1040.0;4728;58091;Roma;Tuscolano;3;7.0
1000929;[150];1.0;1041.0;1458;58091;Roma;Tuscolano;3;7.0
1000941;;;1042.0;354;58091;Roma;Tuscolano;3;7.0
1000463;;;1043.0;1492;58091;Roma;Monte Sacro Alto;4;3.0
1000947;;;1044.0;3991;58091;Roma;Appio-Latino;3;7.0
1000636;;;1045.0;399;58091;Roma;Collatino;3;5.0
1000949;;;1046.0;247;58091;Roma;Tuscolano;3;7.0
1001007;;;1047.0;4637;58091;Roma;Appio Claudio;3;7.0
1001625;[50, 22];3.0;1048.0;6692;58091;Roma;Gianicolense;3;12.0
1001736;;;1049.0;4794;58091;Roma;Trionfale;2;1.0
1001724;;;1050.0;1515;58091;Roma;Trionfale;2;1.0
1001002;;;1051.0;10521;58091;Roma;Don Bosco;3;7.0
1001003;;;1052.0;5560;58091;Roma;Don Bosco;3;7.0
1001110;;;1053.0;223;58091;Roma;Ostiense;3;8.0
1002022;;;1054.0;15597;58091;Roma;Labaro;5;15.0
1001005;;;1055.0;402;58091;Roma;Don Bosco;4;7.0
1001041;;;1056.0;1216;58091;Roma;Appio-Pignatelli;3;7.0
1001725;;;1057.0;2486;58091;Roma;Prati;2;1.0
1001202;[43, 50, 3];8.0;1058.0;1684;58091;Roma;Europa;4;9.0
1001010;;;1059.0;3582;58091;Roma;Appio Claudio;3;7.0
1001626;;;1060.0;4119;58091;Roma;Gianicolense;3;12.0
1001012;;;1061.0;2637;58091;Roma;Capannelle;4;7.0
1001115;;;1062.0;8241;58091;Roma;Ardeatino;3;8.0
1001009;[22];1.0;1063.0;9;58091;Roma;Appio Claudio;3;7.0
1001011;;;1064.0;5381;58091;Roma;Tuscolano;3;7.0
1001014;;;1065.0;384;58091;Roma;Appio Claudio;3;7.0
1001015;;;1066.0;1336;58091;Roma;Appio-Pignatelli;3;7.0
1001013;;;1067.0;2874;58091;Roma;Appio Claudio;3;7.0
1001026;;;1068.0;9650;58091;Roma;Don Bosco;3;7.0
1001020;[3];2.0;1069.0;1016;58091;Roma;Torrenova;5;7.0
1001208;[22, 3.7, 50, 43];5.0;1070.0;3;58091;Roma;Europa;4;9.0
1001037;;;1071.0;452;58091;Roma;Casal Morena;5;7.0
1001016;;;1072.0;5289;58091;Roma;Capannelle;4;7.0
1001021;[3.7, 22, 50, 43];11.0;1073.0;1015;58091;Roma;Casal Morena;5;7.0
1001402;;;1074.0;1481;58120;Fiumicino;;7;
1001715;;;1075.0;2355;58091;Roma;Prati;2;1.0
1001022;;;1076.0;2109;58091;Roma;Torre Gaia;5;7.0
1001023;;;1077.0;3957;58091;Roma;Casal Morena;5;7.0
1000275;;;1078.0;994;58091;Roma;Trieste;2;2.0
1001024;;;1079.0;6461;58091;Roma;Casal Morena;5;7.0
1001025;;;1080.0;372;58091;Roma;Aeroporto di Ciampino;5;7.0
1001028;;;1081.0;5394;58091;Roma;Appio Claudio;3;7.0
1001029;;;1082.0;4092;58091;Roma;Tuscolano;3;7.0
1001357;;;1083.0;1458;58091;Roma;Lido di Ostia Levante;6;10.0
1001030;;;1084.0;101;58091;Roma;Capannelle;4;7.0
1001032;;;1085.0;1696;58091;Roma;Appio-Pignatelli;3;7.0
1001033;;;1086.0;19;58091;Roma;Torre Maura;4;7.0
1001135;;;1087.0;4144;58091;Roma;Ostiense;3;8.0
1001034;;;1088.0;6239;58091;Roma;Torrenova;5;7.0
1001617;;;1089.0;2107;58091;Roma;Gianicolense;2;12.0
1001035;;;1090.0;2328;58091;Roma;Casal Morena;5;7.0
1001038;;;1091.0;1458;58091;Roma;Torrenova;5;7.0
1001036;;;1092.0;4262;58091;Roma;Torrenova;5;7.0
1001039;;;1093.0;6186;58091;Roma;Don Bosco;3;7.0
1001368;;;1094.0;353;58091;Roma;Casal Palocco;6;10.0
1000271;;;1095.0;1190;58091;Roma;Trieste;2;2.0
1001373;;;1096.0;2316;58091;Roma;Acilia Nord;6;10.0
1001379;;;1097.0;1876;58091;Roma;Acilia Nord;6;10.0
1001376;;;1098.0;2799;58091;Roma;Casal Palocco;6;10.0
1001501;;;1099.0;7025;58091;Roma;Portuense;3;11.0
1001377;;;1100.0;3386;58091;Roma;Castel Fusano;6;10.0
1001503;;;1101.0;8582;58091;Roma;Portuense;3;11.0
1001378;;;1102.0;126;58091;Roma;Acilia Sud;6;10.0
1001710;;;1103.0;1864;58091;Roma;Della Vittoria;3;1.0
1001399;;;1104.0;1021;58091;Roma;Acilia Nord;6;10.0
1001380;;;1105.0;5092;58091;Roma;Acilia Sud;6;10.0
1001381;;;1106.0;888;58091;Roma;Casal Palocco;6;10.0
1001382;;;1107.0;2156;58091;Roma;Castel Fusano;6;10.0
1001390;;;1108.0;1521;58091;Roma;Castel Fusano;6;10.0
1001614;;;1109.0;7389;58091;Roma;Gianicolense;2;12.0
1001383;;;1110.0;8;58091;Roma;Acilia Nord;6;10.0
1001384;[22];1.0;1111.0;978;58091;Roma;Castel Fusano;6;10.0
1001385;;;1112.0;5756;58091;Roma;Acilia Sud;6;10.0
1001387;;;1113.0;1386;58091;Roma;Acilia Sud;6;10.0
1001388;;;1114.0;1713;58091;Roma;Castel Fusano;6;10.0
1001389;;;1115.0;697;58091;Roma;Castel Fusano;6;10.0
1001391;;;1116.0;3251;58091;Roma;Castel Fusano;6;10.0
1001405;[22, 3.7];2.0;1117.0;4342;58120;Fiumicino;;7;
1001392;;;1118.0;525;58091;Roma;Castel Fusano;6;10.0
1000494;;;1119.0;292;58091;Roma;Casal Boccone;4;3.0
1001401;[3.7, 22];2.0;1120.0;2844;58120;Fiumicino;;7;
1000486;;;1121.0;3606;58091;Roma;Monte Sacro;3;3.0
1001403;;;1122.0;156;58120;Fiumicino;;7;
1001122;[22, 3];2.0;1123.0;5664;58091;Roma;Ardeatino;3;8.0
1001404;;;1124.0;8557;58120;Fiumicino;;7;
1001508;['not available', 3.7];2.0;1125.0;382;58091;Roma;Portuense;3;11.0
1001510;[22];1.0;1126.0;135;58091;Roma;Portuense;4;11.0
1001517;;;1127.0;227;58091;Roma;La Pisana;4;11.0
1001522;;;1128.0;129;58091;Roma;Ponte Galeria;5;11.0
1001524;[3, 22];2.0;1129.0;247;58091;Roma;Ponte Galeria;5;11.0
1000439;;;1130.0;399;58091;Roma;Monte Sacro Alto;3;3.0
1001043;;;1131.0;2441;58091;Roma;Casal Morena;5;7.0
1001535;;;1132.0;933;58091;Roma;Gianicolense;4;11.0
1001606;[7.4];1.0;1133.0;1865;58091;Roma;Gianicolense;4;12.0
1001607;[43, 50];3.0;1134.0;7668;58091;Roma;Gianicolense;4;12.0
1001608;[14];1.0;1135.0;3833;58091;Roma;Gianicolense;4;12.0
1001103;;;1136.0;111;58091;Roma;Ostiense;3;8.0
1001044;;;1137.0;3833;58091;Roma;Torre Gaia;5;7.0
1001136;[43, 50];3.0;1138.0;4111;58091;Roma;Ostiense;3;8.0
1001104;;;1139.0;3967;58091;Roma;Ostiense;3;8.0
1001601;;;1140.0;668;58091;Roma;Gianicolense;3;12.0
1002037;;;1141.0;4089;58091;Roma;La Giustiniana;5;15.0
1001045;;;1142.0;12379;58091;Roma;Casal Morena;5;7.0
1001046;;;1143.0;734;58091;Roma;Casal Morena;5;7.0
1001050;;;1144.0;1460;58091;Roma;Torre Gaia;5;7.0
1001106;;;1145.0;3166;58091;Roma;Ostiense;3;8.0
1001051;;;1146.0;3531;58091;Roma;Casal Morena;5;7.0
1001054;;;1147.0;1467;58091;Roma;Torre Gaia;5;7.0
1000183;;;1148.0;420;58091;Roma;Ripa;1;1.0
1001255;;;1149.0;3019;58091;Roma;Torrino;4;9.0
1001107;[3.4, 3.7];2.0;1150.0;5975;58091;Roma;Ostiense;3;8.0
1001111;[43, 50];3.0;1151.0;4768;58091;Roma;Ostiense;3;8.0
1001108;[22];1.0;1152.0;5882;58091;Roma;Ostiense;3;8.0
1001109;[3.7, 22];2.0;1153.0;8993;58091;Roma;Ostiense;3;8.0
1001112;;;1154.0;5143;58091;Roma;Ardeatino;3;8.0
1001113;['not available'];2.0;1155.0;1895;58091;Roma;Ardeatino;3;8.0
1001114;[50, 43];9.0;1156.0;8332;58091;Roma;Ardeatino;3;8.0
1001123;;;1157.0;4478;58091;Roma;Ardeatino;3;8.0
1001118;;;1158.0;3535;58091;Roma;Ardeatino;3;8.0
1001602;;;1159.0;72;58091;Roma;Gianicolense;3;12.0
1001116;[43, 50];6.0;1160.0;4914;58091;Roma;Ardeatino;3;8.0
1001121;[3.7, 22, 50, 43];5.0;1161.0;3279;58091;Roma;Ardeatino;4;8.0
1001117;;;1162.0;149;58091;Roma;Ardeatino;3;8.0
1001201;;;1163.0;62;58091;Roma;Ostiense;3;9.0
1001119;;;1164.0;5966;58091;Roma;Ardeatino;3;8.0
1001137;;;1165.0;6508;58091;Roma;Ardeatino;3;8.0
1001627;;;1166.0;8455;58091;Roma;Gianicolense;4;12.0
1001203;[3, 3.7, 22, 50, 43];12.0;1167.0;636;58091;Roma;Europa;4;9.0
1001125;;;1168.0;253;58091;Roma;Ardeatino;3;8.0
1001315;;;1169.0;1357;58091;Roma;Casal Palocco;6;10.0
1001128;;;1170.0;184;58091;Roma;Appio-Latino;3;8.0
1001134;[50, 43, 22, 3];8.0;1171.0;525;58091;Roma;Ostiense;3;8.0
1001132;;;1172.0;769;58091;Roma;Ostiense;3;8.0
1001345;;;1173.0;1911;58091;Roma;Acilia Nord;6;10.0
1001130;;;1174.0;336;58091;Roma;Ardeatino;3;8.0
1000629;;;1175.0;3300;58091;Roma;Prenestino-Labicano;3;5.0
1001138;;;1176.0;2608;58091;Roma;Ardeatino;4;8.0
1001143;[3, 22, 50, 43];9.0;1177.0;3200;58091;Roma;Ostiense;3;8.0
1001139;;;1178.0;3111;58091;Roma;Ardeatino;3;8.0
1001144;;;1179.0;75;58091;Roma;Ardeatino;3;8.0
1001140;;;1180.0;508;58091;Roma;Ardeatino;3;8.0
1001142;[3];2.0;1181.0;533;58091;Roma;Ostiense;3;8.0
1001204;[3, 22, 110, 50, 43];10.0;1182.0;3821;58091;Roma;Europa;4;9.0
1001338;[22, 3.7];4.0;1183.0;2138;58091;Roma;Lido di Ostia Levante;6;10.0
1001205;[50, 43, 3.7, 22];7.0;1184.0;1376;58091;Roma;Europa;4;9.0
1001209;;;1185.0;4423;58091;Roma;Giuliano-Dalmata;4;9.0
1001206;[3.7, 22, 3];4.0;1186.0;1239;58091;Roma;Europa;4;9.0
1001207;;;1187.0;480;58091;Roma;Europa;4;9.0
1001211;;;1188.0;2094;58091;Roma;Torrino;4;9.0
1001719;;;1189.0;2624;58091;Roma;Della Vittoria;2;1.0
1001212;[3.7, 22];4.0;1190.0;5309;58091;Roma;Torrino;4;9.0
1001815;;;1191.0;234;58091;Roma;Casalotti;5;13.0
1001262;;;1192.0;2410;58091;Roma;Torrino;4;9.0
1001215;;;1193.0;4730;58091;Roma;Tor de' Cenci;5;9.0
1001227;;;1194.0;3038;58091;Roma;Tor de' Cenci;5;9.0
1001216;[22, 3.7];4.0;1195.0;13141;58091;Roma;Fonte Ostiense;4;9.0
1001234;;;1196.0;672;58091;Roma;Castel di Decima;5;9.0
1001344;;;1197.0;1120;58091;Roma;Acilia Sud;6;10.0
1001217;;;1198.0;6638;58091;Roma;Fonte Ostiense;4;9.0
1001714;;;1199.0;2911;58091;Roma;Prati;2;1.0
1000276;[3, 20];2.0;1200.0;1207;58091;Roma;Trieste;2;2.0
1001218;;;1201.0;4256;58091;Roma;Fonte Ostiense;4;9.0
1001219;;;1202.0;6831;58091;Roma;Giuliano-Dalmata;4;9.0
1001240;;;1203.0;7;58091;Roma;Europa;3;9.0
1001613;;;1204.0;6564;58091;Roma;Gianicolense;2;12.0
1000471;[22, 3.7];2.0;1205.0;2042;58091;Roma;Monte Sacro;3;3.0
1001220;[50, 22];3.0;1206.0;2014;58091;Roma;Giuliano-Dalmata;4;9.0
1001221;;;1207.0;308;58091;Roma;Cecchignola;4;9.0
1001702;[3, 22];3.0;1208.0;1562;58091;Roma;Prati;2;1.0
1001605;;;1209.0;6178;58091;Roma;Gianicolense;4;12.0
1001348;;;1210.0;3124;58091;Roma;Acilia Sud;6;10.0
1001222;;;1211.0;821;58091;Roma;Cecchignola;4;9.0
1001223;;;1212.0;3408;58091;Roma;Giuliano-Dalmata;4;9.0
1001239;;;1213.0;28;58091;Roma;Ostiense;4;9.0
1001224;;;1214.0;72;58091;Roma;Giuliano-Dalmata;4;9.0
1001818;;;1215.0;1759;58091;Roma;Aurelio;3;13.0
1001225;;;1216.0;6502;58091;Roma;Mezzocammino;5;9.0
1001829;[44];1.0;1217.0;645;58091;Roma;Casalotti;5;13.0
1001226;;;1218.0;8694;58091;Roma;Mezzocammino;5;9.0
1001609;;;1219.0;4764;58091;Roma;Gianicolense;4;12.0
1001512;;;1220.0;2667;58091;Roma;Portuense;3;11.0
1001939;;;1221.0;8572;58091;Roma;Della Vittoria;4;14.0
1001228;;;1222.0;8790;58091;Roma;Tor de' Cenci;5;9.0
1001229;[22, 3.7];2.0;1223.0;12421;58091;Roma;Tor de' Cenci;5;9.0
1001231;[3.7, 22, 50, 43];12.0;1224.0;8636;58091;Roma;Castel di Leva;5;9.0
1001232;;;1225.0;203;58091;Roma;Vallerano;5;9.0
1001233;;;1226.0;2356;58091;Roma;Vallerano;5;9.0
1001237;;;1227.0;1457;58091;Roma;Castel di Leva;5;9.0
1000216;;;1228.0;1401;58091;Roma;Trieste;2;2.0
1001238;;;1229.0;15;58091;Roma;Tor di Valle;4;9.0
1001707;[22, 3.7];2.0;1230.0;2139;58091;Roma;Della Vittoria;2;1.0
1001241;[50, 43, 3, 22];5.0;1231.0;3474;58091;Roma;Giuliano-Dalmata;4;9.0
1001243;;;1232.0;2185;58091;Roma;Torrino;4;9.0
1001248;;;1233.0;1888;58091;Roma;Castel di Leva;5;9.0
1001244;;;1234.0;167;58091;Roma;Torrino;4;9.0
1001245;;;1235.0;1480;58091;Roma;Cecchignola;4;9.0
1001246;;;1236.0;80;58091;Roma;Tor de' Cenci;5;9.0
1001349;[22];1.0;1237.0;1088;58091;Roma;Acilia Sud;6;10.0
1001253;[50, 43];3.0;1238.0;4504;58091;Roma;Torrino;4;9.0
1001254;;;1239.0;3254;58091;Roma;Torrino;4;9.0
1001256;;;1240.0;3612;58091;Roma;Torrino;4;9.0
1001257;;;1241.0;155;58091;Roma;Castel di Leva;5;9.0
1001258;;;1242.0;602;58091;Roma;Vallerano;5;9.0
1001263;;;1243.0;2340;58091;Roma;Castel di Leva;5;9.0
1001266;[3.7, 22];4.0;1244.0;4910;58091;Roma;Torrino;4;9.0
1001264;;;1245.0;112;58091;Roma;Castel di Leva;5;9.0
1001265;;;1246.0;2923;58091;Roma;Castel di Decima;5;9.0
1001269;;;1247.0;852;58091;Roma;Castel di Leva;5;9.0
1001270;;;1248.0;1950;58091;Roma;Castel di Leva;5;9.0
1001306;;;1249.0;3000;58091;Roma;Acilia Sud;6;10.0
1001271;;;1250.0;939;58091;Roma;Vallerano;5;9.0
1001307;;;1251.0;722;58091;Roma;Casal Palocco;6;10.0
1001302;;;1252.0;157;58091;Roma;Acilia Nord;6;10.0
1001832;;;1253.0;310;58091;Roma;Aurelio;3;13.0
1001303;;;1254.0;6125;58091;Roma;Acilia Nord;6;10.0
1001703;;;1255.0;1234;58091;Roma;Prati;2;1.0
1001304;;;1256.0;68;58091;Roma;Casal Palocco;6;10.0
1001513;;;1257.0;3285;58091;Roma;Portuense;3;11.0
1001305;;;1258.0;4033;58091;Roma;Acilia Sud;6;10.0
1001634;;;1259.0;2751;58091;Roma;Gianicolense;2;12.0
1058048;;;1260.0;341;58048;Jenne;;7;
1001514;;;1261.0;3174;58091;Roma;Portuense;4;11.0
1000718;[3.7, 22];2.0;1262.0;19;58091;Roma;Torre Spaccata;4;5.0
1001308;;;1263.0;1173;58091;Roma;Casal Palocco;6;10.0
1001310;;;1264.0;408;58091;Roma;Casal Palocco;6;10.0
1001311;;;1265.0;162;58091;Roma;Ostia Antica;6;10.0
1001523;;;1266.0;441;58091;Roma;Ponte Galeria;5;11.0
1001312;;;1267.0;494;58091;Roma;Lido di Ostia Ponente;6;10.0
1001721;;;1268.0;343;58091;Roma;Della Vittoria;2;1.0
1001313;;;1269.0;704;58091;Roma;Lido di Ostia Ponente;6;10.0
1001314;[22, 3.7, 'not available'];3.0;1270.0;4742;58091;Roma;Lido di Ostia Ponente;6;10.0
1001316;[3, 22];4.0;1271.0;2082;58091;Roma;Lido di Ostia Levante;6;10.0
1001317;;;1272.0;8480;58091;Roma;Lido di Ostia Levante;6;10.0
1001318;;;1273.0;675;58091;Roma;Lido di Ostia Levante;6;10.0
1000165;;;1274.0;312;58091;Roma;Trastevere;1;1.0
1001321;[22];2.0;1275.0;905;58091;Roma;Castel Fusano;6;10.0
1001323;;;1276.0;2776;58091;Roma;Acilia Nord;6;10.0
1001326;;;1277.0;56;58091;Roma;Casal Palocco;6;10.0
1001327;;;1278.0;2270;58091;Roma;Acilia Sud;6;10.0
1001325;;;1279.0;5645;58091;Roma;Acilia Nord;6;10.0
1001704;;;1280.0;1504;58091;Roma;Prati;2;1.0
1001328;;;1281.0;2181;58091;Roma;Acilia Sud;6;10.0
1001329;;;1282.0;3170;58091;Roma;Casal Palocco;6;10.0
1001330;;;1283.0;1103;58091;Roma;Casal Palocco;6;10.0
1001331;;;1284.0;2216;58091;Roma;Ostia Antica;6;10.0
1001333;;;1285.0;2239;58091;Roma;Ostia Antica;6;10.0
1001335;;;1286.0;8588;58091;Roma;Lido di Ostia Ponente;6;10.0
1001129;;;1287.0;756;58091;Roma;Castel di Leva;5;8.0
1001332;;;1288.0;19;58091;Roma;Casal Palocco;6;10.0
1001417;[43, 50];3.0;1289.0;170;58120;Fiumicino;;7;
1001336;;;1290.0;4778;58091;Roma;Lido di Ostia Ponente;6;10.0
1001337;;;1291.0;2661;58091;Roma;Lido di Ostia Levante;6;10.0
1001334;;;1292.0;10348;58091;Roma;Lido di Ostia Ponente;6;10.0
1001340;;;1293.0;3092;58091;Roma;Lido di Ostia Levante;6;10.0
1001341;;;1294.0;1151;58091;Roma;Lido di Castel Fusano;6;10.0
1001343;;;1295.0;3098;58091;Roma;Castel Fusano;6;10.0
1001371;;;1296.0;2029;58091;Roma;Castel Fusano;6;10.0
1001342;;;1297.0;86;58091;Roma;Lido di Castel Fusano;6;10.0
1000901;;;1298.0;292;58091;Roma;Tuscolano;2;7.0
1001346;;;1299.0;2712;58091;Roma;Acilia Nord;6;10.0
1001347;;;1300.0;1360;58091;Roma;Casal Palocco;6;10.0
1001350;;;1301.0;3021;58091;Roma;Casal Palocco;6;10.0
1001732;;;1302.0;873;58091;Roma;Trionfale;2;1.0
1001630;;;1303.0;5593;58091;Roma;Gianicolense;2;12.0
1001351;;;1304.0;2707;58091;Roma;Casal Palocco;6;10.0
1001359;;;1305.0;2327;58091;Roma;Acilia Sud;6;10.0
1001352;;;1306.0;3770;58091;Roma;Ostia Antica;6;10.0
1001353;;;1307.0;1983;58091;Roma;Casal Palocco;6;10.0
1001369;;;1308.0;1692;58091;Roma;Lido di Ostia Levante;6;10.0
1001354;;;1309.0;2739;58091;Roma;Ostia Antica;6;10.0
1001356;;;1310.0;4281;58091;Roma;Lido di Ostia Levante;6;10.0
1001358;;;1311.0;2978;58091;Roma;Castel Fusano;6;10.0
1001515;;;1312.0;1252;58091;Roma;Portuense;4;11.0
1001360;;;1313.0;1588;58091;Roma;Acilia Nord;6;10.0
1000477;;;1314.0;1213;58091;Roma;Monte Sacro;3;3.0
1001516;;;1315.0;3466;58091;Roma;Magliana Vecchia;4;11.0
1000115;;;1316.0;7570;58091;Roma;Trastevere;1;1.0
1001362;;;1317.0;1451;58091;Roma;Casal Palocco;6;10.0
1000514;;;1318.0;1693;58091;Roma;Ponte Mammolo;4;4.0
1001504;[43, 50];3.0;1319.0;10200;58091;Roma;Portuense;3;11.0
1000706;;;1320.0;2542;58091;Roma;Alessandrino;4;5.0
1001545;;;1321.0;1094;58091;Roma;Portuense;3;11.0
1001365;;;1322.0;2265;58091;Roma;Casal Palocco;6;10.0
1001372;;;1323.0;3513;58091;Roma;Acilia Sud;6;10.0
1001847;;;1324.0;1101;58091;Roma;Casalotti;5;13.0
1001603;;;1325.0;6495;58091;Roma;Gianicolense;3;12.0
1001259;;;1326.0;4055;58091;Roma;Vallerano;5;9.0
1001610;;;1327.0;4735;58091;Roma;Gianicolense;4;12.0
1001619;;;1328.0;586;58091;Roma;Castel di Guido;5;12.0
1001632;;;1329.0;150;58091;Roma;Castel di Guido;5;12.0
1001637;;;1330.0;1432;58091;Roma;Gianicolense;4;12.0
